﻿<?xml version="1.0" encoding="utf-8"?>
<manifest identifier="_6MDIa7yMw1M_course_id" version="1.0" xmlns="http://www.imsproject.org/xsd/imscp_rootv1p1p2" xmlns:adlcp="http://www.adlnet.org/xsd/adlcp_rootv1p2" xmlns:xsi="http://www.w3.org/2001/XMLSchema-instance" xsi:schemaLocation="http://www.imsproject.org/xsd/imscp_rootv1p1p2 imscp_rootv1p1p2.xsd http://www.imsglobal.org/xsd/imsmd_rootv1p2p1 imsmd_rootv1p2p1.xsd http://www.adlnet.org/xsd/adlcp_rootv1p2 adlcp_rootv1p2.xsd">
	<metadata>
		<schema>ADL SCORM</schema>
		<schemaversion>1.2</schemaversion>
		<lom xmlns="http://www.imsglobal.org/xsd/imsmd_rootv1p2p1" xmlns:xsi="http://www.w3.org/2001/XMLSchema-instance" xsi:schemaLocation="http://www.imsglobal.org/xsd/imsmd_rootv1p2p1 imsmd_rootv1p2p1.xsd">
			<general>
				<title>
					<langstring xml:lang="x-none">Covid-19</langstring>
				</title>
				<description>
					<langstring xml:lang="x-none">Medical basic course </langstring>
				</description>
				<keyword>
				  	<langstring xml:lang="x-none">medical, course, template, storyline</langstring>
        			</keyword>
			</general>
			<lifecycle>
				<version>
					<langstring xml:lang="x-none">1</langstring>
				</version>
				<status>
					<source>
						<langstring xml:lang="x-none">LOMv1.0</langstring>
					</source>
					<value>
						<langstring xml:lang="x-none">Final</langstring>
					</value>
				</status>
			</lifecycle>
			<metametadata>
				<metadatascheme>ADL SCORM 1.2</metadatascheme>
			</metametadata>
			<educational>
				<typicallearningtime>
					<datetime>PT0H0M0S</datetime>
				</typicallearningtime>
			</educational>
			<rights>
				<cost>
					<source>
						<langstring xml:lang="x-none">LOMv1.0</langstring>
					</source>
					<value>
						<langstring xml:lang="x-none">yes</langstring>
					</value>
				</cost>
				<copyrightandotherrestrictions>
					<source>
						<langstring xml:lang="x-none">LOMv1.0</langstring>
					</source>
					<value>
						<langstring xml:lang="x-none">yes</langstring>
					</value>
				</copyrightandotherrestrictions>
			</rights>
		</lom>
	</metadata>
	<organizations default="Covid-19_ORG">
		<organization identifier="Covid-19_ORG">
			<title>Covid-19</title>
			<item identifier="Medical_Course_Starter_-_Tabs_SCO" isvisible="true" identifierref="__6MDIa7yMw1M_course_id_RES">
				<title>Covid-19</title>
				<adlcp:masteryscore>80</adlcp:masteryscore>
			</item>
		</organization>
	</organizations>
	<resources>
	    <resource identifier="__6MDIa7yMw1M_course_id_RES" type="webcontent" href="index_lms.html" adlcp:scormtype="sco">
		<file href="story_content/thumbnail.jpg"/>
<file href="story_content/Slide6FJC7eR88Rm.swf"/>
<file href="story_content/6g3pZ05NHy4_DX450_DY450.swf"/>
<file href="mobile/6g3pZ05NHy4_DX450_DY450_CX337_CY337.png"/>
<file href="mobile/6g3pZ05NHy4_DX450_DY450_CX337_CY337.swf"/>
<file href="story_content/5r19Ms1lTpR_DX762_DY762.swf"/>
<file href="mobile/5r19Ms1lTpR_DX762_DY762_CX233_CY571.png"/>
<file href="mobile/5r19Ms1lTpR_DX762_DY762_CX233_CY571.swf"/>
<file href="story_content/5wJw7kiGR5T_22050_48_0.mp3"/>
<file href="story_content/5yiYd0ipphX_22050_48_0.mp3"/>
<file href="story_content/5moRUjLWpr5_P_0_0_1598_1835_DX1200_DY1200.swf"/>
<file href="mobile/5moRUjLWpr5_P_0_0_1598_1835_DX1200_DY1200_CX479_CY550.png"/>
<file href="mobile/5moRUjLWpr5_P_0_0_1598_1835_DX1200_DY1200_CX479_CY550.swf"/>
<file href="story_content/60sTVQVFw57_22050_48_0.mp3"/>
<file href="story_content/61QXej8UnyB_22050_48_0.mp3"/>
<file href="story_content/6DTvssUde9M_P_0_0_1472_1255_DX850_DY850.swf"/>
<file href="mobile/6DTvssUde9M_P_0_0_1472_1255_DX850_DY850_CX313_CY267.png"/>
<file href="mobile/6DTvssUde9M_P_0_0_1472_1255_DX850_DY850_CX313_CY267.swf"/>
<file href="story_content/63vItofVUj7_22050_48_0.mp3"/>
<file href="story_content/6oYNYNUzhAM_22050_48_0.mp3"/>
<file href="story_content/6M7i5X2fxmq_P_0_91_696_208_DX1348_DY1348.swf"/>
<file href="mobile/6M7i5X2fxmq_P_0_91_696_208_DX1348_DY1348_CX696_CY209.png"/>
<file href="mobile/6M7i5X2fxmq_P_0_91_696_208_DX1348_DY1348_CX696_CY209.swf"/>
<file href="story_content/6HdQ4GvRAVE_22050_48_0.mp3"/>
<file href="story_content/6VbBdi8AcKg_22050_48_0.mp3"/>
<file href="story_content/6hgfkX76W8u_P_0_268_2048_614_DX1348_DY1348.swf"/>
<file href="mobile/6hgfkX76W8u_P_0_268_2048_614_DX1348_DY1348_CX1010_CY303.png"/>
<file href="mobile/6hgfkX76W8u_P_0_268_2048_614_DX1348_DY1348_CX1010_CY303.swf"/>
<file href="story_content/6Cp3P7yjYb5_22050_48_0.mp3"/>
<file href="story_content/5WA9rNDvVGG_22050_48_0.mp3"/>
<file href="story_content/5gDR9FEyntS_P_223_2_434_510_DX982_DY982.swf"/>
<file href="mobile/5gDR9FEyntS_P_223_2_434_510_DX982_DY982_CX435_CY510.png"/>
<file href="mobile/5gDR9FEyntS_P_223_2_434_510_DX982_DY982_CX435_CY510.swf"/>
<file href="story_content/5uTMX23Q3ya_P_0_0_1765_1487_DX972_DY972.swf"/>
<file href="mobile/5uTMX23Q3ya_P_0_0_1765_1487_DX972_DY972_CX228_CY192.png"/>
<file href="mobile/5uTMX23Q3ya_P_0_0_1765_1487_DX972_DY972_CX228_CY192.swf"/>
<file href="story_content/5sHgviKttxX_22050_48_0.mp3"/>
<file href="story_content/6ZQBTJEZzyY_22050_48_0.mp3"/>
<file href="story_content/60cI60CRgd6_22050_48_0.mp3"/>
<file href="story_content/6NjygmHiUny_X_P_62_-1_303_355_DX1286_DY1286.swf"/>
<file href="mobile/6NjygmHiUny_X_P_62_-1_303_355_DX1286_DY1286_CX303_CY355.png"/>
<file href="mobile/6NjygmHiUny_X_P_62_-1_303_355_DX1286_DY1286_CX303_CY355.swf"/>
<file href="story_content/6hd7rgygVOm_22050_48_0.mp3"/>
<file href="story_content/5f52rzZnFB1_22050_48_0.mp3"/>
<file href="story_content/5gXis5FLByG_22050_48_0.mp3"/>
<file href="story_content/6dvayGQDvjk_P_172_-4_463_543_DX972_DY972.swf"/>
<file href="mobile/6dvayGQDvjk_P_172_-4_463_543_DX972_DY972_CX463_CY543.png"/>
<file href="mobile/6dvayGQDvjk_P_172_-4_463_543_DX972_DY972_CX463_CY543.swf"/>
<file href="story_content/5iin45WQj9Q_22050_48_0.mp3"/>
<file href="story_content/6pCeXBaJHZp_22050_48_0.mp3"/>
<file href="story_content/6a6Q8MqAg7V_22050_48_0.mp3"/>
<file href="story_content/5sW1Fi6Ay5U_P_193_-1_336_395_DX1292_DY1292.swf"/>
<file href="mobile/5sW1Fi6Ay5U_P_193_-1_336_395_DX1292_DY1292_CX337_CY395.png"/>
<file href="mobile/5sW1Fi6Ay5U_P_193_-1_336_395_DX1292_DY1292_CX337_CY395.swf"/>
<file href="story_content/5stWRRWLTRi_22050_48_0.mp3"/>
<file href="story_content/6G6TupaBlIG_22050_48_0.mp3"/>
<file href="story_content/6KGrJugHrC7_22050_48_0.mp3"/>
<file href="story_content/6CwcUwNauyS_P_216_-1_396_464_DX1100_DY1100.swf"/>
<file href="mobile/6CwcUwNauyS_P_216_-1_396_464_DX1100_DY1100_CX397_CY465.png"/>
<file href="mobile/6CwcUwNauyS_P_216_-1_396_464_DX1100_DY1100_CX397_CY465.swf"/>
<file href="story_content/5b8uXGg9sQk_22050_48_0.mp3"/>
<file href="story_content/6pQWKo1D5qF_22050_48_0.mp3"/>
<file href="story_content/6Z4f3XI23My_22050_48_0.mp3"/>
<file href="story_content/69ROANyLsRE_P_257_1_380_448_DX1306_DY1306.swf"/>
<file href="mobile/69ROANyLsRE_P_257_1_380_448_DX1306_DY1306_CX381_CY448.png"/>
<file href="mobile/69ROANyLsRE_P_257_1_380_448_DX1306_DY1306_CX381_CY448.swf"/>
<file href="story_content/5c5wSfJnCnv_22050_48_0.mp3"/>
<file href="story_content/6p9g9SCY21E_22050_48_0.mp3"/>
<file href="story_content/5zEZ2KWvLSQ_22050_48_0.mp3"/>
<file href="story_content/6A4DxwBF69x_X_P_514_-2_606_710_DX1262_DY1262.swf"/>
<file href="mobile/6A4DxwBF69x_X_P_514_-2_606_710_DX1262_DY1262_CX466_CY546.png"/>
<file href="mobile/6A4DxwBF69x_X_P_514_-2_606_710_DX1262_DY1262_CX466_CY546.swf"/>
<file href="story_content/6UIlsq4MxtX_22050_48_0.mp3"/>
<file href="story_content/5czHcy27yTW_22050_48_0.mp3"/>
<file href="story_content/5zedEluzIoC_22050_48_0.mp3"/>
<file href="story_content/69T1YmXKa5J_DX54_DY54.swf"/>
<file href="mobile/69T1YmXKa5J_DX54_DY54_CX27_CY26.png"/>
<file href="mobile/69T1YmXKa5J_DX54_DY54_CX27_CY26.swf"/>
<file href="story_content/69bTIZMcxyw_P_0_0_1472_1597_DX850_DY850.swf"/>
<file href="mobile/69bTIZMcxyw_P_0_0_1472_1597_DX850_DY850_CX313_CY339.png"/>
<file href="mobile/69bTIZMcxyw_P_0_0_1472_1597_DX850_DY850_CX313_CY339.swf"/>
<file href="story_content/6e2QntgSRaD_22050_48_0.mp3"/>
<file href="story_content/5tW8pcGPrOB_22050_48_0.mp3"/>
<file href="story_content/5nT0rlZ7iVP_DX798_DY798.swf"/>
<file href="mobile/5nT0rlZ7iVP_DX798_DY798_CX259_CY399.png"/>
<file href="mobile/5nT0rlZ7iVP_DX798_DY798_CX259_CY399.swf"/>
<file href="story_content/video_6b54OgZSvaH_22_48_420x236.mp4"/>
<file href="mobile/video_6b54OgZSvaH_22_48_420x236.jpg"/>
<file href="story_content/video_611tceJwQtq_22_48_420x236.mp4"/>
<file href="mobile/video_611tceJwQtq_22_48_420x236.jpg"/>
<file href="story_content/video_6FMJgDrTg61_22_48_420x236.mp4"/>
<file href="mobile/video_6FMJgDrTg61_22_48_420x236.jpg"/>
<file href="story_content/video_5m7p9yhpYts_22_48_420x236.mp4"/>
<file href="mobile/video_5m7p9yhpYts_22_48_420x236.jpg"/>
<file href="story_content/5i7MtwuyXEo_22050_48_0.mp3"/>
<file href="story_content/6Tnv0ErGCOP_22050_48_0.mp3"/>
<file href="story_content/6mgjZz7p6BR_22050_48_0.mp3"/>
<file href="story_content/5cwc0NKJGDo_22050_48_0.mp3"/>
<file href="story_content/6TJ0CSP1scE_22050_48_0.mp3"/>
<file href="story_content/656iD3D14a1_P_523_10_1110_1280_DX1074_DY1074.swf"/>
<file href="mobile/656iD3D14a1_P_523_10_1110_1280_DX1074_DY1074_CX466_CY537.png"/>
<file href="mobile/656iD3D14a1_P_523_10_1110_1280_DX1074_DY1074_CX466_CY537.swf"/>
<file href="story_content/6NDVuM4Vqy0_22050_48_0.mp3"/>
<file href="story_content/6TgjwdVgMup_22050_48_0.mp3"/>
<file href="story_content/6Ex8VhJ6f51_22050_48_0.mp3"/>
<file href="story_content/6IyW9oDckZn_P_361_0_1138_1346_DX818_DY818.swf"/>
<file href="mobile/6IyW9oDckZn_P_361_0_1138_1346_DX818_DY818_CX466_CY551.png"/>
<file href="mobile/6IyW9oDckZn_P_361_0_1138_1346_DX818_DY818_CX466_CY551.swf"/>
<file href="story_content/6SJYveSQcdP_22050_48_0.mp3"/>
<file href="story_content/692BG6Unp2i_22050_48_0.mp3"/>
<file href="story_content/60fCEmdkN0M_22050_48_0.mp3"/>
<file href="story_content/6Mk8bWHThHt_P_459_4_979_1152_DX1292_DY1292.swf"/>
<file href="mobile/6Mk8bWHThHt_P_459_4_979_1152_DX1292_DY1292_CX463_CY545.png"/>
<file href="mobile/6Mk8bWHThHt_P_459_4_979_1152_DX1292_DY1292_CX463_CY545.swf"/>
<file href="story_content/6KSeOFJyx78_22050_48_0.mp3"/>
<file href="story_content/62DqNjE9UHQ_22050_48_0.mp3"/>
<file href="story_content/5pBXde0nsF2_22050_48_0.mp3"/>
<file href="story_content/6dyrSJVzEcE_DX730_DY730.swf"/>
<file href="mobile/6dyrSJVzEcE_DX730_DY730_CX311_CY365.png"/>
<file href="mobile/6dyrSJVzEcE_DX730_DY730_CX311_CY365.swf"/>
<file href="story_content/692VBCYTzSz_22050_48_0.mp3"/>
<file href="story_content/5l1AvHFZBrg_22050_48_0.mp3"/>
<file href="story_content/6QWZQo8PrFd_22050_48_0.mp3"/>
<file href="story_content/6Qk1J3vpX2T_22050_48_0.mp3"/>
<file href="mobile/5uTMX23Q3ya_P_0_0_1765_1487_DX972_DY972_CX428_CY361.png"/>
<file href="mobile/5uTMX23Q3ya_P_0_0_1765_1487_DX972_DY972_CX428_CY361.swf"/>
<file href="story_content/6o3bGUS0J53_22050_48_0.mp3"/>
<file href="story_content/6S0gaQiLHME_22050_48_0.mp3"/>
<file href="story_content/5vOZBIN7KvS_P_0_0_645_721_DX562_DY562.swf"/>
<file href="mobile/5vOZBIN7KvS_P_0_0_645_721_DX562_DY562_CX188_CY210.png"/>
<file href="mobile/5vOZBIN7KvS_P_0_0_645_721_DX562_DY562_CX188_CY210.swf"/>
<file href="story_content/6VEeoPh3EQt_P_0_0_692_713_DX562_DY562.swf"/>
<file href="mobile/6VEeoPh3EQt_P_0_0_692_713_DX562_DY562_CX204_CY210.png"/>
<file href="mobile/6VEeoPh3EQt_P_0_0_692_713_DX562_DY562_CX204_CY210.swf"/>
<file href="story_content/6NcUYcqm0l1_P_0_0_436_623_DX638_DY638.swf"/>
<file href="mobile/6NcUYcqm0l1_P_0_0_436_623_DX638_DY638_CX147_CY210.png"/>
<file href="mobile/6NcUYcqm0l1_P_0_0_436_623_DX638_DY638_CX147_CY210.swf"/>
<file href="story_content/6hJYNNJn8qs_P_0_0_597_721_DX562_DY562.swf"/>
<file href="mobile/6hJYNNJn8qs_P_0_0_597_721_DX562_DY562_CX174_CY210.png"/>
<file href="mobile/6hJYNNJn8qs_P_0_0_597_721_DX562_DY562_CX174_CY210.swf"/>
<file href="story_content/6XcNm9sL6Lp_P_0_0_494_699_DX562_DY562.swf"/>
<file href="mobile/6XcNm9sL6Lp_P_0_0_494_699_DX562_DY562_CX148_CY210.png"/>
<file href="mobile/6XcNm9sL6Lp_P_0_0_494_699_DX562_DY562_CX148_CY210.swf"/>
<file href="meta.xml"/>
<file href="story_content/FontFactory.swf"/>
<file href="story_content/fonts.swf"/>
<file href="story_content/fonts.xml"/>
<file href="story_content/frame.xml"/>
<file href="story_content/frame.json"/>
<file href="story_content/user.js"/>
<file href="mobile/app_store.png"/>
<file href="mobile/mobile_icon.png"/>
<file href="mobile/linen_background.jpg"/>
<file href="mobile/Slide6FJC7eR88Rm.jpg"/>
<file href="story.swf"/>
<file href="story_content/frame.swf"/>
<file href="story_content/slides/5uy8XzWEsRA.swf"/>
<file href="mobile/slides/5uy8XzWEsRA.gz"/>
<file href="story_content/slides/66W9oKzdsKC.swf"/>
<file href="mobile/slides/66W9oKzdsKC.gz"/>
<file href="story_content/slides/6NDWtBxGLZd.swf"/>
<file href="mobile/slides/6NDWtBxGLZd.gz"/>
<file href="story_content/slides/5qj8ooIvFD8.swf"/>
<file href="mobile/slides/5qj8ooIvFD8.gz"/>
<file href="story_content/slides/6Cqx5GX8Of1.swf"/>
<file href="mobile/slides/6Cqx5GX8Of1.gz"/>
<file href="story_content/slides/5qddRsEk65O.swf"/>
<file href="mobile/slides/5qddRsEk65O.gz"/>
<file href="story_content/slides/6Qqk5uJGXPE.swf"/>
<file href="mobile/slides/6Qqk5uJGXPE.gz"/>
<file href="story_content/slides/5mo576fHLzB.swf"/>
<file href="mobile/slides/5mo576fHLzB.gz"/>
<file href="story_content/slides/60gwFdgVHop.swf"/>
<file href="mobile/slides/60gwFdgVHop.gz"/>
<file href="story_content/slides/6JggLU63Yfr.swf"/>
<file href="mobile/slides/6JggLU63Yfr.gz"/>
<file href="story_content/slides/5WeQzPMWYYN.swf"/>
<file href="mobile/slides/5WeQzPMWYYN.gz"/>
<file href="story_content/slides/5dcSq2s2Kzn.swf"/>
<file href="mobile/slides/5dcSq2s2Kzn.gz"/>
<file href="story_content/slides/6VLtmsj8PZw.swf"/>
<file href="mobile/slides/6VLtmsj8PZw.gz"/>
<file href="story_content/slides/5VXIOxr26Gv.swf"/>
<file href="mobile/slides/5VXIOxr26Gv.gz"/>
<file href="story_content/slides/5kcu6UeouOH.swf"/>
<file href="mobile/slides/5kcu6UeouOH.gz"/>
<file href="story_content/slides/6WYYGTFMYoN.swf"/>
<file href="mobile/slides/6WYYGTFMYoN.gz"/>
<file href="story_content/slides/6Q3CRYfFUXv.swf"/>
<file href="mobile/slides/6Q3CRYfFUXv.gz"/>
<file href="story_content/slides/6AZNK7dmW8c.swf"/>
<file href="mobile/slides/6AZNK7dmW8c.gz"/>
<file href="story_content/slides/5ueiro1kiAP.swf"/>
<file href="mobile/slides/5ueiro1kiAP.gz"/>
<file href="story_content/slides/68b1QPn74Ws.swf"/>
<file href="mobile/slides/68b1QPn74Ws.gz"/>
<file href="story_content/slides/5akJvaiDpEa.swf"/>
<file href="mobile/slides/5akJvaiDpEa.gz"/>
<file href="story_content/slides/5t7BbymGlkS.swf"/>
<file href="mobile/slides/5t7BbymGlkS.gz"/>
<file href="story_content/slides/6ZpgDqcoEeT.swf"/>
<file href="mobile/slides/6ZpgDqcoEeT.gz"/>
<file href="story_content/data.swf"/>
<file href="mobile/data.gz"/>
<file href="html5/data/css/output.min.css"/>
<file href="html5/data/js/5akJvaiDpEa.js"/>
<file href="html5/data/js/5dcSq2s2Kzn.js"/>
<file href="html5/data/js/5kcu6UeouOH.js"/>
<file href="html5/data/js/5mo576fHLzB.js"/>
<file href="html5/data/js/5qddRsEk65O.js"/>
<file href="html5/data/js/5qj8ooIvFD8.js"/>
<file href="html5/data/js/5t7BbymGlkS.js"/>
<file href="html5/data/js/5ueiro1kiAP.js"/>
<file href="html5/data/js/5uy8XzWEsRA.js"/>
<file href="html5/data/js/5VXIOxr26Gv.js"/>
<file href="html5/data/js/5WeQzPMWYYN.js"/>
<file href="html5/data/js/60gwFdgVHop.js"/>
<file href="html5/data/js/66W9oKzdsKC.js"/>
<file href="html5/data/js/68b1QPn74Ws.js"/>
<file href="html5/data/js/6AZNK7dmW8c.js"/>
<file href="html5/data/js/6Cqx5GX8Of1.js"/>
<file href="html5/data/js/6JggLU63Yfr.js"/>
<file href="html5/data/js/6NDWtBxGLZd.js"/>
<file href="html5/data/js/6Q3CRYfFUXv.js"/>
<file href="html5/data/js/6Qqk5uJGXPE.js"/>
<file href="html5/data/js/6VLtmsj8PZw.js"/>
<file href="html5/data/js/6WYYGTFMYoN.js"/>
<file href="html5/data/js/6ZpgDqcoEeT.js"/>
<file href="html5/data/js/data.js"/>
<file href="html5/data/js/frame.js"/>
<file href="html5/data/js/paths.js"/>
<file href="html5/lib/scripts/app.min.js"/>
<file href="html5/lib/stylesheets/main.min.css"/>
<file href="html5/lib/stylesheets/mobile-fonts/open-sans-bold.woff"/>
<file href="html5/lib/stylesheets/mobile-fonts/open-sans-light.woff"/>
<file href="html5/lib/stylesheets/mobile-fonts/open-sans-regular.woff"/>
<file href="story.html"/>
<file href="story_flash.html"/>
<file href="story_html5.html"/>
<file href="story_content/blank.html"/>
<file href="story_content/story.js"/>
<file href="amplaunch.html"/>
<file href="mobile/mobileinstall.html"/>
<file href="index_lms.html"/>
<file href="index_lms_html5.html"/>
<file href="index_lms_flash.html"/>
<file href="lms/AICCComm.html"/>
<file href="lms/AICCFunctions.js"/>
<file href="lms/API.js"/>
<file href="lms/APIConstants.js"/>
<file href="lms/blank.html"/>
<file href="lms/browsersniff.js"/>
<file href="lms/Configuration.js"/>
<file href="lms/goodbye.html"/>
<file href="lms/lms.js"/>
<file href="lms/LMSAPI.js"/>
<file href="lms/NONEFunctions.js"/>
<file href="lms/SCORM2004Functions.js"/>
<file href="lms/SCORMFunctions.js"/>
<file href="lms/UtilityFunctions.js"/>
	    </resource>
	</resources>
</manifest>
