﻿<?xml version="1.0" encoding="utf-8"?><meta xmlns:xsi="http://www.w3.org/2001/XMLSchema-instance" xmlns:xsd="http://www.w3.org/2001/XMLSchema"><project id="675g7nxspaA" courseid="6MDIa7yMw1M_course_id" thumburl="story_content/thumbnail.jpg" title="Covid-19" datepublished="2020-06-18T18:06:57" version="1.0.0.0" flashdata="story_content/data.swf" html5data="mobile/data.json" mobiledata="mobile/data.gz" enabledownload="true" duration="About 7 minutes" totalaudio="681180" totalvideo="120560"><description>Medical basic course </description><keywords>medical, course, template, storyline</keywords><slidemeta moniker="slide" monikerplural="slides" viewslides="23" slidecountdescription="23 slides" /><author name="Montse Anderson" email="montse@elearningdesigner.com" website="http://elearningdesigner.com" /><application name="Articulate Storyline" version="3.4.15731.0" xmlversion="4.0" /></project></meta>