﻿<?xml version="1.0" encoding="utf-8"?><bwFonts xmlns:xsi="http://www.w3.org/2001/XMLSchema-instance" xmlns:xsd="http://www.w3.org/2001/XMLSchema" fontfactoryurl="story_content/FontFactory.swf"><font id="00" name="Articulate ExtraboldBold Charset1_ 6TJJLa9xX3l"><glyphs><g i="0" c="256" charCode="89" p="%^YNoehIoe8FflXBoegwoeBCnpBC$vGH$vGHnp" /><g i="1" c="257" charCode="111" p="#^8Mnp8MMnzLum$KblZJhkXInjwHVi5GrirEriOCrinBViZznjXyhkVxalkxtmMwLnMwnpMw_qkxgsVxytXysuZzmvnBQvNCiwrEiw6GiwwHQvXImvZJsu$KytzLgs8MZq8Mnp^3Hlp3H_qmGRrFFIsrEIsfDIsyCRrRB_qRBlpRBPnwCWmbD0mrE0mJF0moGWm3HQn3Hlp" /><g i="2" c="258" charCode="117" p="#^vL$v%vLKi%AGKi%AGloAG6s2E6s6D6sIClrjCAqjC7p%jCKi%nxKi%nx3rnxOrAxIsNxBtmypuYydvXzMvXAiwxCiw0EiwlFFvHG$ukHEt%ZGEt%ZG$v" /><g i="3" c="259" charCode="32" p="#" /><g i="4" c="260" charCode="109" p="#^GT$v%GTfoGTWmuTSliTOkLS1kdSfjgRRijQriTOrirNricM2jZKEjoKUk4KRj1J8j$HrimGriDFriUEBiaELiyD3jXCnjnCWjQBskxB4l%VB4l%VBKi%nxKi%nx$v%jC$v%jCgqjCqoUCwnuDCmwECmYECmeFNmxFYmJFhnVFBn_F0o3Gqo3GVo%3G$v%_K$v%_Kgq_KCowLCn3MCmdNCmVNCmjO9nKOInKOSo%KO$v" /><g i="5" c="261" charCode="115" p="#^$HNr$HwqtHJpXGWo9GuooF1owEQnEDCnXCrneCfnQB2nqBRmqBvmqBdmUB2mmCTlaDTlQDTlLE3mGFemRGKm%eHgj5GNiUECiHDriACripBrilAJiiz$iwyyjKx4kfxWkNwLlNwRmNw4ohxPoOxypwyZpfzoq1ABqQAOqyB$qhCcrGCrr3DGr3D4s3DnsPCDszCSsvBSsDASsEzGsFyus9xZr%UwCvZxZv4z7wcAiwOBiwSCiwXD6w0FXvWFrvRGXuqH2u$H8t$HNr" /><g i="6" c="262" charCode="116" p="#^ZG0w%OGHs9GLsOFPsrFSseFSslESs0EpsIDYrIDRq%IDjm%OGjm%OGKi%IDKi%IDwe%MyWf%MyKi%fwKi%fwjm%Myjm%MysrMy0u$z9veBiwWDiwGEiwjFewYFawZG0w" /><g i="7" c="263" charCode="99" p="#^jIFv%cIXrKGzsaFzsxEzsWDlskD7sSCKrpClr7CMqRBaqRBppRBYnIC3nzDamYEamDFameGjmRGsmSHTm%dIfjkHPirGDiyFriqEriTCritBUi4Akj1zck_x4lnxnmMwGnMwnpMw1rlxjsXxBt_yuu1AmvpBQvOCiwrEiwmFiwjG8wgH$vjIFv" /><g i="8" c="264" charCode="112" p="#^8M7p8MVnLLJmnLwlEKAkWJDjRI1jMHrirGriQEritD5j7CLjuB1l%SB1l%SBKi%hxKi%hx8B%cC8B%cCcu%RBcu6CHuBC7v4DyvDDPvbE3wPEawsFiw3GiwxHiwGIJvQJ8vBK9umLatLLTr8MAq8M7p^3Hhp3HKqpGArLFpsEEpsaEpsKDcsjD$rZCCrDCdrpCFqcC5qcCppcCYnWC8nEDjmEEjmIFjmnG6n3HVn3Hhp" /><g i="9" c="265" charCode="108" p="%^PC$vPC6dUx6dUx$v" /><g i="10" c="266" charCode="101" p="#^AKVq%AKRpAKpodK4nSJLl3JJkgIGj_G3jIFriTDridCriUAYizzsjEynkKxhlfxzmMwQnMwnpMw$qlxisXxAtZytu$zmvoBQvOCiwrEiwJFiwWG5w8IUvoJpv%oJTr2Iqs2HEs3GSsfFSsCDSsMClsWBPrKBVq^4GVn%HBVnNB3niCpmQCKlTDKl1FKlyFpm4G3n4GVn" /><g i="11" c="267" charCode="104" p="#^vL$v%vLPnvLNmdLQlXKSkjK6kHJljIIUiJHrikGri2FriTD$iICyjYBCk%jCCk%jC6d%nx6d%nx$v%jC$v%jCpqjCeo_CqnGDCmPECmaFCmuFLmOFUm1GdnhGxnqG6oAGGoAGyp%AG$v" /><g i="12" c="268" charCode="113" p="#^DL8B%DLKi%1HKi%1H1l%pH1lLGIjoF4j1ErivCri5Bri$z2jWyEjcyCkuxzl7xKmMwVnMw4pMwBq9xVryxdtkycu6zavfAKvpBiwUCiwgEiwpFKvyGav3Hcu%IGcu%IG8B^IGppIG0qvGAqjG8rZFyrDFYrbFbsLEpsdEpscDpswCBrRBNqRBfpRBGo$B8o9CBnsCcnMCOmcDzmFDjmfEjmkFjm0GanIG0oIGpp" /><g i="13" c="269" charCode="105" p="%^PC8hPCpdUxpdUx8h^PC$vPCKiUxKiUx$v" /><g i="14" c="270" charCode="110" p="#^vL$v%vLKnvLJmdLNlXKQkjK5kHJljIIUiJHrimGriJErirD7jaCOjxB4l%VB4l%VBKi%nxKi%nx$v%jC$v%jCkqjChoZCsnDDCmNECmJFCm8GlnAG4oAGDp%AG$v" /><g i="15" c="271" charCode="98" p="#^8M7p8MWnMLKmpLylGKBkXJDjSI1jOHripGriPEriJDYiECtjUBnk%cCnk%cC6d%hx6d%hx$v%SB$v%SBJt%uBJtIBfucCMuICgvjDCvWDXvCE6wjFiw0GiwyHiwHIIvRJ6vCK6unL6tLLQr8Mxq8M7p^3Hfp3HEqqGxrNFpsEEps8EpsIDbsgDZrWCArBCaroCDqcC4qcCppcC0oTCanzDjmEEjmMFjmpG9n3H$n3Hfp" /><g i="16" c="272" charCode="102" p="#^5H7dhGYcHFUc5FPcyEPchDPcfC4ddBkdtAZdJzBejzDfWyEgWyai%WyKi%jwKi%jwjm%Wyjm%Wy$v%RD$v%RDjm%_Gjm%_GKi%RDKi%RDdiRDoh7EVgpEpg9FpgXFpgNGCg" /><g i="17" c="273" charCode="114" p="#^eHDiCGwi9GuiJFritFri0Eri3D8j6CRjxB4l%VB4l%VBKi%nxKi%nx$v%jC$v%jCgqjCvpuCRoFCao0DHnnDbnWDVmtECmcFCmFFCm1GEmqGFm_GLm" /><g i="18" c="274" charCode="103" p="#^rLfu%rLKi%WGKi%WG1l%gH1lAGSjoF9jdEriLCrijBribAWi3zpjiyjkyxdl9xumMwKnMwhpMwRqcx5sExktqycudz4vjAyvpB$vIC$v0E$vbFtvmGXu8HPt%OGPt%OGfuOGfvvGWvdGAwKFZwgFmxzExxTDIx3DIxYBIx$Atx2AexAyFw%kyzABz0BTAdBaCrBpDrBnFrBSG5BlIMAnJWzpK4zWKHxrLjwrLfu^EG4pEGLprGjqfGTqVFhrAFGr6FUrFE6s7E6s5D6stClrRBAqRBfpRBSnsC5n4Djm5EjmeFjmXF4nEGQnEG4p" /><g i="19" c="275" charCode="46" p="%^kC$vkCxrHxxrHx$v" /><g i="20" c="276" charCode="69" p="%^kK$vkKgsyCgsyCUoEJUoEJ9lyC9lyC7i3K7i3Koetxoetx$v" /><g i="21" c="277" charCode="121" p="#^jLKi%rGKi%PD3r%8E3r%oBKi%cwKi%nB3wbBGwHA6xcAzxqzzx$yzxBywxcytxqxix%6x5BZxiBGymBozrB2ArBsBrBnC1BiDEARD5AiEEzDEazZEJyeFbywFFxPFWw7GcwqGrv" /><g i="22" c="278" charCode="97" p="#^iK$vdKovbK0v9KDu6Kfu4KSt3KAt3Kit3KYs%3KYn3KumyJrl1Jnk9IIjhH0j7GKi_EriKDritCricBCiXzNimyqj%ryQmKzimIA5mHBTlJCTlbETlNEnmoFSmqFAneFwnHEtn9EpnCDpnLCpnABynpAHnlz9ohyCowxypMwtqMw1sMwatbx_tDxOukyjv2zPvXz2wRAiwOBiwbDiwcEKvdFav_F_t%EF_tEFhuGFLuJFdvLF$v^qFkqqFAqfF4r4FArLEZrqEmsZDCswDSsZCSsfCSsPBzsoBfsoBHroB1rZBFqyCgqSDgqbEgqIEiqdFjqqFkq" /><g i="23" c="279" charCode="100" p="#^DL$v%DL6d%IG6d%IGnk%$GnkcGmj4FViYDrivCri5Bri0A1jYyDjdyBkuxyl7xJmMwTnMw6pMwyq8xRrwx8thy8u2z8vbAJvkBiwRCiwBDiwjE5w2FVvFFyvhGbvLGHudHbuqHJt%1HJt%1H$v^IGqpIG1qvGBqiG8rYFyrDFYrbFbsLEpsfEps9DpsvCzrRBJqRBfpRBUnwC6nbDjmfEjmhFjm_F8nIGYnIGqp" /><g i="24" c="280" charCode="119" p="%^sTKiJOKiIMWr3NWrVKKicFKi$CWrmDWriBKidwKicA$vKF$v9ILmOHLmYJ$vuP$v" /><g i="25" c="281" charCode="58" p="%^kCcnkCKiHxKiHxcn^kC$vkCxrHxxrHx$v" /><g i="26" c="282" charCode="83" p="#^pKrqpKQoMJQn7JPmbIemgHElcGml9F3lfEOklDwkQCckjCTjjCkjjCSizCBiPCkidDbiED2i8E0iFE_h3F_haG_h1H9iUHki8JMi%tJPejIoe4HfeSF5eNE5euD5e5CleJABeCzdfvyRfNxVg4xZh4xBj4xelJxdmmycnhzNndAmohBGomC_oeDhp6EApEEYpaFjqaF$qaFFrDE1s4EpsFCpsjBpscA8s6zSrHxhr%fxuvwyVvUz5wgBiwCCiwlGiwnIPupKktpKrq" /><g i="27" c="283" charCode="66" p="#^TLNqTLaqILxpxLUo6LmoHKPn_JpnhJ_mpIQm%pI9nFJLmyKMlrLMkrL$irLRh_K_gxK7gLJyf_IYeVHGeRGoeBFoe%txoe%tx$v%VE$v6G$vjHOvxIBvyJ0vAKrudLqtTLosTLNq^mGBjmG5k5GokQFHkqFTk0F2lwE6l1E9lAD9l%yC9l%yC7i%SD7inE7iSEcilFgiFFri_FBiaGTimG9jmGBj^OGvqOG2rAGnrmGIrYFVrzF5s$EbsrEgsLDgs%yCgs%yCLo%PDLoeFLo0G8pOGwpOGvq" /><g i="28" c="284" charCode="84" p="%^RJgiRJoejwoejwgixAgixA$vCF$vCFgi" /><g i="29" c="285" charCode="120" p="%^hL$v0Hcp0LKiMFKiXDymcCKizwKizAfpdw$vCB$vzD1syF$v" /></glyphs></font><font id="10" name="Articulate Extrabold Charset1_ 6pOVQZkG22B"><glyphs><g i="0" c="256" charCode="79" p="#^uOgnuOflXNAjpNUhjMJgeLyfBJUeYHeeKFeevDeeSBUeeAyf8zJg2yUhvxAjZwflZwgnZwlpxx1r5yIsczTtkA2vYBGvADiwKFiwSHiwvJGv8L2vfMTtmNIsWN1ruOlpuOgn^HJgnHJjotJkpgJkqNI6rjIUrzHnsPGRsKFRsFERsVDns9DUrGC6rcCkq_BkpNBjoNBgnNB3m0C2lfC0kKChjeDyiZD7iIEHhKFHhLGHhuH7ieIyiJIhjcJ0krJ2lHJ3mHJgn" /><g i="1" c="257" charCode="75" p="%^HN$vKGGmbNxeAHxekCGlhCGlhCxeDxxeDx$vhC$vhC3okC3oLH$v" /><g i="2" c="258" charCode="67" p="#^bMBv%YLYrFKssCJFsAIRsCHRskGRsgFtscE5sqDprFCIqdCGpNBEoNBlnNB7m9C5lyC2kgDij_Dyi_E7i$FHhfHHhhIHhnJXhuKbiNLWi%9M8foKCebJqe$HeeXGeeNEeeZCOe9BmfPzwgtyGhJxojZw5lZwnnZwQpTxxrNydtdAhuGBlvsDQvfFiw3HiwnIiwxJ7wIKZvbMBv" /><g i="3" c="259" charCode="111" p="#^XLvpXLUnnLEmPKnlOJukNIBjoH8j$FGimEGiICGijB8jWzBjVyukVxnllxEmNwUnNwvpNw4rlxlsVxBtVyuuWznvjBRvICiwmEiw$FiwoHRvNInvOJuuPKBtnLlsXL4rXLvp^hHtphHdruGbsIF8tmE8t$C8tcCbsqBdrqBtpqBPnaCPmWCPlmEPlNFPlxGPmhHPnhHtp" /><g i="4" c="260" charCode="114" p="#^XGPixGKi6GIiHFGipFGi$DGi4DljaC0kyBnl%vBnl%vBZi%pxZi%px$v%VB$v%VBoqVBBp5CTohC8oGCCn4D3nHDLmjEqm7FqmCFqm0GsmrGtmIGzm" /><g i="5" c="261" charCode="101" p="#^kKOq%kKZpkKwo_JcnEJUlSIUk4ITjQGhjAFGiNDGi7CGiQAajxzGjDyAkJxtlfxJmNwZnNwvpNw5rlxmsWxDtXyvuYznvlBRvKCiwmEiwCFiwQG5w3IVv8Jtv%8Jis7IRs4H4t1GitbFitrDituCJsxB7skBOq^hGfo%hBfonB2nZBhmACwlNDwl4FwlGFhmhG2nhGfo" /><g i="6" c="262" charCode="99" p="#^1IJv%XHnsLG$s6F$spE$sKDMs4DwszC4s2CErKB$qqBlqqBwpqBXnnCYmkDZlTEZlCFZlfG7mVGgmCHHm%XHojcH2jkGSisFGikEGiNCGipB6j1Ayj$ypkZxglnxymNwPnNwvpNw7rlxosWxFtYywu_znvmBRvKCiwmEiwfFiwdG8wbH$v1IJv" /><g i="7" c="263" charCode="116" p="#^FG2w%vG7t6GctKFftnFit9Fit6EitJDLskDcskD$q%kD7m%uG7m%uGZi%kDZi%kDFe%Qy2g%QyZi%fwZi%fw7m%Qy7m%QyDrQy7u$zdvaBiwQDiwzEiwbFewQFawFG2w" /><g i="8" c="264" charCode="73" p="%^vC$vvCxeRxxeRx$v" /><g i="9" c="265" charCode="110" p="#^hL$v%hLPnhLPm$KUlKKZk7KgkxJyjAI6jDHGijGGiIEGitDljeC$jyBnl%vBnl%vBZi%pxZi%px$v%VB$v%VBtqVBioECmnnDqmIEqmPFqmiGgnNG5oNGLp%NG$v" /></glyphs></font><font id="20" name="Roboto Slab Charset1_ 5deTSgCJQ1Z"><glyphs><g i="0" c="384" charCode="65" p="%^Gwtu_xhucEdegGdenMhuGNtuGN$vAI$vAItuWJeuLIYqDBYqqAeuMBtuMB$vGw$v^nCXo0IXofFjhbFjh" /><g i="1" c="385" charCode="112" p="#^Owxz%Nybz%NyHk%Owlk%OwOi%RAOi%3BpkJBvjGC1jDDyiSEyijHyiGIvk1Krm1KEp%1KUp1KLsFIvuiHfwVEfwGDfwLCRvQBrvbBDu%bBbz%aDxz%aD4B%Ow4B^DHEpDHnnKGXlSFvk7Evk6DvknCZkEBqlbBem%bBGsEButmCXt5Dnu9EnuSFnuKG8tDHUrDHUp" /><g i="2" c="386" charCode="97" p="#^IF$vBFtvxF2vtFCusFbuLE4vIDGvGCfwuBfwqzfwlyfvgxfugxpsgxxqNywpjAvoYCvo%rFvo%rFYmrFOlIE7lZDrkGCrkMBrk3BGknAVkYzjl%IzIm%RxIm%Rx8kLyqj1A_ijByiPCyi3FyisGIjRHRkRH_m%RHltRHBtRHRtSH4uTHku%SItu%SI$v^QBfu1Dfu0EGt0F5trFhs%rF6q%TC6qoB6qxAOqGzurGzssGzktcAOtLAfuQBfu" /><g i="3" c="387" charCode="32" p="#" /><g i="4" c="388" charCode="105" p="%^5xtu4z7u4zHk5xlk5xOiuBOiuB7utDtutD$v5x$v^uBpf4zpf4zYcuBYc" /><g i="5" c="389" charCode="116" p="#^hBCf%hBOi%NDOi%NDAk%hBAk%hBBshBwtGBVt3ChuHChu$ChuoDeuODau3E6u%pELv3EZvoD6wKCfw4CfwCAfwKznvTyuuTyBs%TyAk%OwAk%OwOi%TyOi%TyCf" /><g i="6" c="390" charCode="117" p="#^xG2uVF6vWEHvYDfwGCfwwAfwizTu5yvt5yAq%5yHk%Bwlk%BwOi%5yOi%vAOi%vACqvAJs7BwtLBiu3DiulEiuaFNt0GgtsGjs%sGHk%GElk%GEOi%sGOi%SIOi%SI7u%nKtu%nK$v%HG$v" /><g i="7" c="391" charCode="110" p="#^Kwtu%Jy7u%JyHk%Kwlk%KwOi%TAOi%2BLkIBIjHC7jHDyiYEyi5HyigIOjrJ2lrJFn%rJ7u%rLtu%rL$v%2F$v%2Ftu%1H7u%1HJn1HZllGelFFvkeEvkcDvkpC$kCBvl7Bnm%7B7u%6Dtu%6D$v%Kw$v" /><g i="8" c="392" charCode="100" p="#^_FqulFkvpEOvtDfweCfwQzfwsyvu5xLs5xUp%5xEp5xsmsyvkQzyigCyirDyikE_ieFqjSFek%SFRe%TDve%TDYc%SFYc%gIYc%gI7u%fKtu%fK$v%bG$v^vzUpvzUrjA5t8BiuRCiuWDiuFEPtoFktSFrs%SFjmpFulFE$kVDvkTCvk9BvkkAXlvzmnvzEp" /><g i="9" c="393" charCode="84" p="%^dLdedL9iaJ9i_I7g2F7g2F7u1Htu1H$vFA$vFAtuEC7uEC7gHy7gwy9isw9iswde" /><g i="10" c="394" charCode="104" p="#^Lwtu%Ly7u%LyRe%Lwve%LwYc%9BYc%9BykQBBjPC4jPDyi0Fyi8HyijIQjuJ5luJJn%uJ7u%uLtu%uL$v%5F$v%5Ftu%4H7u%4HIn4H3mnGhlHFvkhEvkiDvkuCZkGBrl9Bfm%9B7u%8Dtu%8D$v%Lw$v" /><g i="11" c="395" charCode="115" p="#^bHXm%oFXm%$EmlzEXkUDHkdDrkoCrk6BrkuA$kSzzlSzmmSz8npABnYA2oECoo8FXomGSpAHNqAHksAH4u9GavKEfwrCfwXAfwKzVvyyzvCxVu%BxUr%pzUr%SzFtgA1u_AcuIBnurCnuKDnusEStbFltbFvsbFIrAEbrZDGqhCiqTzNpFyTorxZnrxrmrxPkPyHjbAyioCyiUDyi4FXihGkj4H1k" /><g i="12" c="396" charCode="98" p="#^aJUpaJLsOHvuqGfw0EfwJCfwMBMvQAgvbAiu%Zz$v%Ux$v%UxRe%Vvve%VvYc%iAYc%iAmkWAtjRB0jMCyi$DyirGyiOHvkaJsmaJEp^LGEpLGmnWFXl5FvkoDvkhCvkwB2lLAAliAum%iAjsLAetwBMtiCiupDiu6FiuWF5tLGUrLGUp" /><g i="13" c="397" charCode="83" p="#^KJtj%VHtj%tHXgVGtg_Fag4FSfTDSfYBSfWAGgVzuhVzOiVzYjYAKk$BvlkE5m7HNmAI8o2Kvp2Kvr2KEtiIYuyGfwJDfwFBfw3AAvuyVuuxQt%uxwq%hzwq%Lz3trAEtpB0unCnuJDnuxFnuAGCtEHRsEHwrEHiqJGupPFFovD5oGAqn4z7mvxPkvxQivxKggzmf2BZdTDZdKFZdgHCePIffKJag" /><g i="14" c="398" charCode="108" p="%^LwveLwYc9BYc9B7u8Dtu8D$vLw$vLwtuLy7uLyRe" /><g i="15" c="399" charCode="101" p="#^6DfwmAfwJyqu5xAs5xFp%5x6p5ximMyqksAyiLCyipFyiNG9k9IMl9Iso%9IYp%BzYp%yz0qBzWrwA9trBnu6DnulEnugF1ubGHtSG3t%OHDu4HjvVFNvLEfw6Dfw^LCrkyBrkHAtlQzumEz0o%Fz4o%LF4o%LFMnLFlm_EoleErkLCrk" /><g i="16" c="400" charCode="49" p="%^uxtudA7udAOgqxRgqxlfDCdeDC7umFtumF$vux$v" /><g i="17" c="401" charCode="67" p="#^FKHj%YIHj%vIahVHBg2HegcGSf0FSffCSfLAThgzTjgzZm%gzfngzlqJAmsbCnuNEnu_FnuZG$tZHDtvI3t%YIzq%FKzq%FKJtTJIukIuvOGfwNEfwjBfw4zHtSw7rSwfn%Sw_mSw4j2zxgeBZdNEZdOGZdkIMeTJyfFKwg" /><g i="18" c="403" charCode="99" p="#^0DnudEnu7FEt1GVs1GQr%bIQr%dIVrhICtIGXu7Ffw0Dfw8AfwCynu5xvs5xFp%5x8p5xjmDyrk9Ayi0DyiCEyiSF4j7HBjZHwk%4Irn%9Grn%DFnlcFYkxEIkSDrk0Drk7BrkjAOlvz9nvz8p%vzFpvzGriA1t6Bnu0Dnu" /><g i="19" c="404" charCode="103" p="#^5xEp5xsmuyvkTzyikCyiADyiwE2jsFxj5Gsk%jGOi%lIOi%lIQvlIoyVGSzuFkBRCkBUBkBNA3BGzPAQymA%szuy7ARy1B4zYBjzQCjzrEjzbFpyXFvxXFQv%XFAuiFpvoEQvuDfwjCfwTzfwuyvu5xKs5xUp^vzUpvzUrlA5tbBiuVCiu$DiuJEPtsFjtXFps%XFkmtFulJE$k_DvkXCvkdBvkmAXlvznnvzEp" /><g i="20" c="405" charCode="74" p="#^JJde%JJNf%KH7g%KH4rKHttdGSuJEfwjCfwLzfweyYuJwFtNwar%Pw6r%6z6r6zLsXzztNAnujCnuEDnuuEutkFAskF4r%kF7g%lDNf%lDde%KHde" /><g i="21" c="406" charCode="114" p="#^5xlk%5xOi%dBOi%sBIk0CHjRC7jGDyiKEyi0FyijFBiCFEiMFHi%sFWk%4ERk7DRktCilQBKluBym%uB7u%tDtu%tD$v%5x$v%5xtu%4z7u%4zHk" /><g i="22" c="407" charCode="107" p="%^LwveLwYc9BYc9B$nHC$nwFvkiElkiEOiQJOiQJlkdIFkKEPoZIauuKtuuK$v$E$v$EtueGiuJCVp9BVp9B7u8Dtu8D$vLw$vLwtuLy7uLyRe" /><g i="23" c="408" charCode="73" p="%^SwNfSwdeeDdeeDNffB7gfB7ueDtueD$vSw$vSwtuRy7uRy7g" /><g i="24" c="409" charCode="111" p="#^5xhp5xlmGyskgAyi$CyiKFyikHrkWIkmWIhp%WIypWIvskHnuKFfw0DfwgAfwGynu5xus5xyp^vzypvzEroA0thBnu0DnuKEnuDF0twGErwGyp%wGhpwGcnDFQlKErk$CrkgBrknAQlvzcnvzhp" /><g i="25" c="410" charCode="72" p="%^SwNfSwdefDdefDNfgB7ggBgmTJgmTJ7gUHNfUHdeTJdehMdehOdehONfhM7ghM7uhOtuhO$vUH$vUHtuTJ7uTJ9ogB9ogB7ufDtufD$vSw$vSwtuSy7uSy7g" /><g i="26" c="411" charCode="80" p="#^1FdeTHdesJHf1L9h1Lyj1LZlsJqnTHTo1FTo%gBTo%gB7u%fDtu%fD$v%Sw$v%Swtu%Sy7u%Sy7g%SwNf%Swde%Syde^gB_m%1F_mRG_mKH0mEI2lEIAjEI5iKH6hRG7g1F7g%gB7g" /><g i="27" c="412" charCode="75" p="%^SwtuSy7uSy7gSwNfSwdefDdefDNfgB7ggB5m6D5m4IYfLGNfLGdenMdenMNfIK4ghFPmcL9uTMtuTM$v2H$v2HtupIiulD_ngB_ngB7ufDtufD$vSw$v" /><g i="28" c="413" charCode="66" p="#^FEderHde$IqfAKDgAK1jAKdkQJ9l4J5mRHymrJTmmK6oiLlpiL_qiLqtIJJu7I$vpF$v%Sw$v%Swtu%Sy7u%Sy7g%SwNf%Swde%Syde^gBFn%gB7u%pF7u3H7uZHjtTIvsTI$qTIrp6IyomHFnNFFn^gBNl%hFNlAGLlnH0laIhkaI_iaIyhgHRgmG7gFE7g%gB7g" /><g i="29" c="414" charCode="71" p="#^0L_teKOuIIxvbHfwKEfwaBfwWyLtGwfrGwgn%GwZmGwYiUytg7BZdQEZdOGZdiIBeOJcfPKdg%PKrj%8Jrj%yI_gYHvg5HbgfGSf3FSfbCSfDARh4zPj4zXm%4zgn4zsqAAqs5CnuKEnubGnu6H4u2IMtCIpt%CIvp%HFop%HFCn%0LCn" /></glyphs></font><font id="30" name="RobotoBold Charset1_ 5oBbiT0pxPA"><glyphs><g i="0" c="384" charCode="67" p="#^yL4qkLYsqJCuwHfwoEfwZAfw$yYt2xEr2xDn%2xym2x_jYx1iSy4gxA1fdC_drE_dwH_doJEfgLhhzLgk%VHgkMHxiXGMh7G_grE_gCC_gHBiiNACjMAnm%MAJnMABqDBXrvCgtoEgt4GgtVGvsLHJrTH4q" /><g i="1" c="385" charCode="111" p="#^PwhpPwjnzxNlkyekLzojaByi2DyiJFyipHbk5JPliJDo%jJxpjJAsCHquWFfw3DfwdAfwwyquPwBsPwrp^lAxplApr2BpsLBpt3DptmEpt4FqsOFrrOFgpOFqn4FpmmEol2DolLBol2BpmlApnlAxp" /><g i="2" c="386" charCode="118" p="%^iCHrLEOirIOi_D$vDA$v9wOiRzOi" /><g i="3" c="387" charCode="105" p="#^4B$v%xx$v%xxOi%4BOi^kxnfkxAeSx3eoyydjzydcAydKA3ehBAehBnfhBagKAHgcAchjzchqychTxHgkxagkxnf" /><g i="4" c="388" charCode="100" p="#^PwipPwcmbynkAzyi_ByiVDyiaF_j%aFfd%JIfd%JI$v%xF$v%mFBu1EfwYBfwDzfwdyquPwAsPwip^lAyplAqr_AqsDBptSCptvEptaF0s%aFNmwEolUCollAollAyp" /><g i="5" c="389" charCode="49" p="%^NF$vfC$vfCoi1yHj1yRgpFceNFce" /><g i="6" c="390" charCode="57" p="#^sFUo4EfqeCfqTzfqsyEo2x0n2xgk2xxiPx4hAyCfXzOejB_d0D_dNE_d8GTewHLfgIoh1J1j1J9l%1Jtm1JVqQGstDE_vzA9w%Izaw%Izet%uAdt4F0tsFUo^6DynYDynzE6nbFGmwF2m%wFBkwFOiQEPh8EQg$CQgXBQgfBOhzAMizAekzAHldBDmUByn6Dyn" /><g i="7" c="391" charCode="77" p="%^nCdeXG6ruLdehQdehQ$vCM$vCM8r_MLibI$vGF$vTAMifB8rfB$vBx$vBxde" /><g i="8" c="392" charCode="85" p="#^1Lde%1LXp1LSscJzuoHfwdEfw6BfwhzCusxYsqx3q%qxde%4Bde%4BZp4BJrVBwsLCjtdEjtjHjtmH3q%mHde" /><g i="9" c="393" charCode="76" p="%^fB3t1J3t1J$vBx$vBxdefBde" /><g i="10" c="394" charCode="65" p="%^DHlscBls_z$v4w$vICde5GdeLM$vSI$v^bCnpDGnppEJi" /><g i="11" c="395" charCode="73" p="%^uB$vPx$vPxdeuBde" /><g i="12" c="396" charCode="80" p="#^fBKp%fB$v%Bx$v%Bxde%wEdewGde1IYezJHfnK2hcLoicL6kcLJmpJeoDHKpsEKp^fBMm%wEMmZFMmKG5mvHplvH7kvHQiJG1iYFdhCEbh%fBbh" /><g i="13" c="397" charCode="97" p="#^0F$vMExvFEQunDfwkBfwnzfw5y7vQw$tQwisQwcqny4pXzYnUCXn%wEXn%wEanwEgm1EJlzD9lzC9lFB9l9BBlFA0mFAMm%7xMm7xClQxEkxyFjQz6j7ByiKCyibFyiCGNj2I$k2Idn%2IYs3IQuAIOv%AI$v^5CytTCytxDctbESswEgs%wE$p%bD$pyA$pnAQr%mA1smAHsPA7thByt5Cyt" /><g i="14" c="398" charCode="32" p="#" /><g i="15" c="400" charCode="107" p="%^9CIqTAZrTA$vmx$vmxfdTAfdTAEnzBMmYEOibJOipEioBJ$vyF$v" /><g i="16" c="401" charCode="101" p="#^rDfwxAfwIytuTwHsTwJp%TwnpTwonExQlqyfkQzpjeByi2DyiLFyijHgkTIZlTI6p%TIyq%sAyqDARruBDslCptGDptIFptSGWr%BITtOH$urGDv4FfwrDfw^1Dol_BolkB6mGAPmvA8o%pF8o%pFSnnFHmME2m9Eol1Dol" /><g i="17" c="403" charCode="108" p="%^4B$vxx$vxxfd4Bfd" /><g i="18" c="404" charCode="115" p="#^wEmswEIrTDlreDZqPBGq5xGp5xFm5xVkyyKj0AyinCyiUEyioGKjVHWkVHPm%nEPmnE2mUDzlpD3lmC3ltB3l_AtlvATlvAvmvA4n2BrnCBOnWC3ofEko8FFoXHHpXHcsXH0uoG8vREfwoCfwKAfwrzFv9y3vqx1uHw$sHwOr%1AOr4ALsJAftnBLtsCLttDLt_DntwE_swEms" /><g i="19" c="405" charCode="110" p="#^BAOi%JAkk7CyivEyiCGyiDHNjFI0lHItn%HI$v%9F$v%9Fxn9FpmFEVlaEol2DolyBolPAFm%PA$v%hx$v%hxOi" /><g i="20" c="406" charCode="44" p="#^hysA%rwuz%TwIyHxcxJxKv%Jx$s%HA$s%GArvGAOw$zaykzyzhysA" /><g i="21" c="407" charCode="98" p="#^gJwpgJIsVHuuyGfw7EfwZBfwHABu%xA$v%mx$v%mxfd%UAfd%UAZj6Cyi5EyiwGyiUHkkgJ5mgJkp^KFfpKFen5FjmtEolcDolwBolUANm%UA0sxBpteDptXEpttFJrKFVqKFfp" /><g i="22" c="408" charCode="106" p="#^5BOi%5BJw5BVyXz6ANykBBwkBGvkBRu7B%RukyuvryYvryyxryyxKw%yxOi^gxnfgxAeOx3ekyydfzydaAydIA3eeBAeeBnfeBagHAHg8AchfzchmychPxHggxaggxnf" /><g i="23" c="409" charCode="114" p="#^NE5m3E$lwD$lwB$lUAmn%UA$v%mx$v%mxOi%HAOi%NAmkRByiKDyijEyiQEIi" /><g i="24" c="410" charCode="58" p="#^xxguxxqt5yVsFynswznsnAnsXAVswBqtwBguwB5vYADvoA8wwz8wEy8w4yDvxx5vxxgu^xxgkxxqj5yViFyniwzninAniXAViwBqjwBgkwB5lYADloA8mwz8mEy8m4yDlxx5lxxgk" /><g i="25" c="411" charCode="83" p="#^PGlrPGjq4GLplFbprDAoxBYnqAmnoxJloxYioxwhcyog0zffxADe3C_dYD_dSF_dlHGeQImfFJDguKThuKuj%PGujPGgi2GBhhFVgUDVgyCVgOBuh3B2i3BZi3BQjWBqkOC$kvEwlDHsm2JSnuKfpuKjruKDtKIXu_Gfw1Efw_BfwiAvvCyLuJxstRw8sRwpq%wApqwAmt1EmtlFmt4GQsPGisPGlr" /><g i="26" c="412" charCode="82" p="#^aEup%fBup%fB$v%Bx$v%Bxde%bEdelHde2JDfLK1hLKBjLKplZJDmbJRnAHzo%qLQv%qL$v%vH$v^fBwm%cEwmAFwmkGPl5H6l5HTj5HDinGVhGFbhbEbh%fBbh" /><g i="27" c="413" charCode="69" p="%^hIgofBgofB3tvJ3tvJ$vBx$vBxdetJdetJbhfBbhfBqlhIql" /><g i="28" c="414" charCode="51" p="#^OAyl%GCyl0EylFETkjFckjF5jjF0iGEqh1EQgVCQgUBQgcBohxAXhxAQi%$wQi$wrhLxlgvyefRzCecB_dQC_dEF_deHlfRIHgRI2jRIgk5IilmHjm8GTmEHpnnIuo7Jzp7J0r7JotoHQuGFfwQCfw9AfwtyRuNwrtNw8r%jA8rjA8s3BNsPBptVCptaEptTELsBF4sBFZqBFjoGCjo%OAjo" /><g i="29" c="415" charCode="68" p="#^Bx$v%Bxde%3DdepFdefHhf5Jkg7KhiaLekaLIm%aLxnaL$p9KXr8JSthHWuqF_v5D$v^fBbh%fB3t%0D3taF3tiGFrrHfqtHEn%tHImtH_jlGBidFbh3Dbh" /><g i="30" c="418" charCode="109" p="#^FAOi%MAgkaCyizEyi7Hyi4IzktJyi1MyibOyiePOjhQ2lhQzn%hQ$v%LM$v%LMznLMrmjMWlTLolLKolaJolzIVm%AI$v%2F$v%2Fzn2FqmBEVl8Eol2DolyBolTAEm%TA$v%mx$v%mxOi" /><g i="31" c="419" charCode="50" p="#^oJ$v%cx$v%cxAt%YCsn8E9mIEclhFekhFmjhFbiGEwh4EQgZCQgNBQg4BFhoAtioAPj%SwPjSwbiDxSgpywfPzLeeB_d1D_dNF_diHjfPIDgPI1jPIlk7IJlsH4nOFUo%LB9t%oJ9t" /><g i="32" c="420" charCode="48" p="#^aJFoaJlsEHiu7GfwaDfwgAfwKylucxqs9xRo%9xzl9xRhIyWffA_d9D_d3G_dBHVf8JPhaJol^EF3lEFRi1FRhrEQg9DQgVBQgjBOhJALiHANk%HA6pHAirhBmsTBptaDpttEpt2FosDFnrEFhp" /><g i="33" c="421" charCode="112" p="#^fJwpfJAsSHqutGfw7Efw7CfwUASu%UA4B%mx4B%mxOi%DAOi%LA5k1Cyi5EyixGyiUHmkfJ9mfJlp^JFfpJFpn3FpmpEolaDolvBolUAGm%UA5sxBptbDptJFptJFfp" /><g i="34" c="422" charCode="117" p="#^gFFuYDfwFBfwxzfwpy1vixPtgxsr%gxOi%OAOi%OAlrOAptGCpttEpt8F9s%8FOi%HIOi%HI$v%mF$v" /><g i="35" c="423" charCode="116" p="#^AByf%ABOi%RDOi%RDol%ABol%AB_rABIsSB1t8CltXCltxDltZDgt%ZDXvXCfwRBfw7yfw3yvs%3yol%7wol%7wOi%3yOi%3yyf" /><g i="36" c="424" charCode="70" p="%^hIKofBKofB$vBx$vBxde9Jde9JbhfBbhfBNlhINl" /><g i="37" c="425" charCode="45" p="%^dEPplxPplxZmdEZm" /><g i="38" c="426" charCode="86" p="%^9EBrbIdegMde3G$vfC$v4wde9Ade" /><g i="39" c="427" charCode="79" p="#^bMwnbM8qfL7skK5uBIavTGfwEEfwrCfwIAbvZy7u0y9s3xbq2xDn%2xKm2x6k_x7iXy7gGA3fpC_dDE_dRG_dzI3fiK7geL7ibM6kbMJm^uIJmuIWjtHtitG0hDE0hNC0hNBsiNAUjMAFm%MAxnMAfqMBLrMCftEEftuGfttHPrtImquIAn" /><g i="40" c="428" charCode="103" p="#^RwipRwgmhypkKzyibCyimEyizF2k%JFOi%VIOi%VIzvVIix7IAylHSzVFxAuEcBzCcB6BcBKzDAmy2AEx7z%cz_wxAsypCsyPDsyBEIxnFYwnFAv%nFTu9Efw9CfwNzfwjyouRwxsRwsp^nAypnAmr5BosPBpt3DptGEptnFbs%nFCmGEol5DolQBol5BrmnAunnAyp" /><g i="41" c="429" charCode="121" p="#^hC$q%KEOi%wIOi%cD2y%VCKyJBkB$ykBeykBrx5B%rxqy%Zxry_yrytz7yZzQxfA7x%FA1w%1wOi%QzOi" /><g i="42" c="430" charCode="84" p="%^ZKbhwFbhwF$vSB$vSBbhuwbhuwdeZKde" /><g i="43" c="433" charCode="75" p="%^9DTofBWqfB$vBx$vBxdefBdefBhmSC3koHdeULdeAF7m4M$vJH$v" /><g i="44" c="434" charCode="46" p="#^yxguyxqt6yVsGynsxznsoAnsYAVsxBqtxBguxB5vZADvpA8wxz8wFy8w5yDvyx5vyxgu" /><g i="45" c="435" charCode="78" p="%^2M$vnI$vfBikfB$vBx$vBxdefBdeoIXpoIde2Mde" /><g i="46" c="436" charCode="89" p="%^JDempHdeqLdeAFypAF$vSB$vSByp1wde2Ade" /><g i="47" c="437" charCode="104" p="#^OAekcCyikEyiDIyiHIyn%HI$v%9F$v%9FDn9FumFEXlaEol2DoluBolOABm%OA$v%gx$v%gxfd%OAfd" /><g i="48" c="438" charCode="102" p="#^jy$v%jyol%lwol%lwOi%jyOi%jyGhjysfAzeeSA$c9D$cUD$cYEed%WEYfuERfRDRfSBRfSBJh%SBOi%uEOi%uEol%SBol%SB$v" /><g i="49" c="439" charCode="66" p="#^Bx$v%Bxde%PDde2HdeJItfoKIgoK5joKpkJJpl2JomSHSmdJcn$JfoOKhpOKNqOKlt9JFuwHZvvE$v^fBgo%fB3t%oE3tGF3toGss7HQr7HLq7HioCEgo^fBGl%YDGlKGDlKGsjKGfi1GJhkFbhPDbh%fBbh" /><g i="50" c="440" charCode="99" p="#^RCptQDptrETs2Fks3Frr%nIrrmINsEHVtWG0vGFEvqEfwVCfw4AfwrysuOwEsOwtp%OwepOwbmqynk2AyiTCyimFyiRGZjlInlnIJn%3FJn2FHmrE2mQDolQColBBolYAimkAbnkAcp%kAApkADrYAwsABptRCpt" /><g i="51" c="441" charCode="71" p="#^FLMtFKXuRIBv2HfwREfwyCfwOAfv3zeu6yksaxpq9xPn%9xCm9xXj2y$hXy2gDA0fkC_dBE_dLH_dxJvfkL$gFLTj%5ITjRHmi$GFhaGXgIEXgRCXgSBliUALjTAwm%TAFnTAsqXBUr$Cjt2Fjt6Hjt_Hrs%_Hnp%FEnp%FEGm%FLGm" /><g i="52" c="442" charCode="74" p="#^LEde%qIde%qIxqqIesGHxtWGQuyFyvbEfwsCfwEzfw3yQuuwotuwMq%aAMqaA3sJAHshBjtsCjtwDjt7EBsLETrLExq" /><g i="53" c="443" charCode="40" p="#^wxMowxZlfysj$yWgsAZeVB0dCDgc%iEaewCufvBfivA$kvAHo%vA4pvAMsuByvuCjyiEGz%CDyBYBOAwAVy4z1xjyzuzx5swxpp" /><g i="54" c="444" charCode="41" p="#^rD2prDPrECmuRBVwmASyTyPAaxyB%uwGzdynydzFvdAWsgAop%gAKogA5lgzjigyxfuw8e%axgcQy_ciATeNBMgAChjoDOlrDvo" /><g i="55" c="445" charCode="53" p="#^Kxfn%Myde%JIde%JI9h%FB9h%dB_ktCjkUDjkqGjkSHUljJtnjJiqjJ0sAIotSHLuvGvv8FfwiDfwHBfwjABvXyXu7yMtkxAshx3r%MA3rUAasyBOsdCpthDptuEpt7FysNFHrNF6qNFAo1FNnhEZmWCZmGBZmUADn%yAYn" /><g i="56" c="446" charCode="63" p="#^eAyqeARoEAQn3BPmaCQlhDRkEDek$DCj$DWi$DSg6CSgcBSgFAqh6AZh5AYi%ywYiAwDg3yjfyz_d6C_dHE_d6GefyHugyHMiyHPj4HKkDGFlsFNm%tEJnyDCopDOp%mDyq^TziuTzutqAYs_AqsRBqsJCqshDYsRDutRDiuRD5viDDvLC8wSB8wZA8wqADvTz5vTziu" /><g i="57" c="447" charCode="119" p="%^RIcrAKOi_NOiCK$vFH$v9FHnFC$vJz$vlwOiLzOitBbrUDOirGOi" /><g i="58" c="448" charCode="81" p="#^aMwnaM0qmLSryKHt7JOu%4M6x%LJbz%ZF8wjFfwDEfwpCfwGAbvXy7u_x9s2xbq1xDn%1xKm1x6kZx7iWy7gEA3fnC_dBE_dPG_dxI3fgK7gdL7iaM6kaMJm^sIJmsIWjsHtisG0hBE0hLC0hLBsiLAUjKAFm%KAxnKAfqKBLrKCftDEfttGftsHPrrImqsIAn" /><g i="59" c="449" charCode="122" p="%^pB9tSH9tSH$vVw$vVwSt6DEl5xEl5xOiGHOiGHTk" /></glyphs></font><font id="40" name="Roboto SlabBold Charset1_ 5zrvJevmzuN"><glyphs><g i="0" c="384" charCode="83" p="#^bKVj%wHVj%2HthAGahHFYgOEKgODKgkCKgxBmhKAZhKAXiKARjzBqkpC$ksEFlpHtmWIPnrK9prKlrrKDtDIXuQGfwTDfwMBfw3AAvmyVudxKt%dx0q%_z0q%mAysUA_sPBhtKCztTDztlFzt5GZsSGmsSGmrSGlq7GJppF5pBDyorADnPynmbx6lbxWibxMg0zofRA0eDD_dGF_dlHCe1JefbKgg" /><g i="1" c="385" charCode="101" p="#^5DfweAfwwyquPwBsPwNp%PwhpPwlmqyrk2AxiNCyisFyiWG9kpIMlpIwo%pIsq%wAsq%vAxqBARrmBHs8CwttDwtFEwtrFhtdG2t8Hxs%6IKuiHnv_FPvHEfw5Dfw^NCilNBilcB3mEAPmvA2o%yA6o%VE6o%VENnVEFmnE_lRDilNCil" /><g i="2" c="386" charCode="108" p="%^ow6fowYcSBYcSBvtADStAD$vAw$vAwStiyvtiytf" /><g i="3" c="387" charCode="97" p="#^bF$v1FGvWEkvPEZuLEDu7EmvcDPviCfw7Bfwbzfw2ycvVw8uVwksVwtqoyspTzroMCro%AEro%AE9nAEcm1EGluD8lpC8lOB8ljBhlRAqlyADl%kA2n%Ex2n%Ex6kDysjUz$i9ByiECyi5FyiDGLj9IYk9Ian%9IDs9IXs9IctaIttcIJt%iJSt%iJ$v^5CDtUCDtyDhtdEWsAEps%AEoq%MCoqDBoq1BWqsAsrsAbssASsUAftkBDt5CDt" /><g i="4" c="388" charCode="109" p="#^mwXk%mwOi%zBOi%JBxklCAjiD3jgEyiwFyiOGyiHH6jBIGj3JPkGJLjEK9jDLyiXMyiUOyi0QVj9Rfl9R$n%9Rvt%TSSt%TS$v%2M$v%2MSt%BNvt%BN$nBNum5NVlCMjlFLjlUKjlkKFlNJ_lsJBmsJPmsJ_mtJ9ntJkn%tJvt%WKSt%WK$v%uE$v%uESt%WFvt%WF$nWFxmrFWlYEjlZDjlfDjlICBlaCTlPBnm%PBvt%lDSt%lD$v%xw$v%xwSt%gyvt%gyjl" /><g i="5" c="389" charCode="116" p="#^1Czf%1COi%lEOi%lEil%1Cil%1C0s1COslC7tGCstcDstzDstRDqt7EotsEjt%MEUvaE4wAD9w$CfwjCfwtAfwtzfvuyeuuy1s%uyil%xwil%xwOi%uyOi%uyzf" /><g i="6" c="390" charCode="32" p="#" /><g i="7" c="391" charCode="68" p="#^GEdeXHde2Kjg9Moi9MFl%9MBo9MSr2KXtXH$vGE$v%Hw$v%HwSt%Ayvt%AyKg%Hwng%Hwde%Ayde^8CZg%8Cgt%vEgtpGgtuHZrAIGqAIBo%AIDlAIzjuHgipGZgvEZg" /><g i="8" c="392" charCode="110" p="#^AwSt%hyvt%hyjl%owXk%owOi%CBOi%MBHkqCGjnD6jlEyiyFyiyHyiGIPjOJ3lOJLn%OJvt%vLSt%vL$v%HE$v%HESt%dGvt%dGMndGrmGFTl8Fjl3EjllDjlNCCldCUlRBqm%RBvt%hDSt%hD$v%Aw$v" /><g i="9" c="393" charCode="103" p="#^_wvp_wnmlytkJzyiaCyihDyi6E2jYExjzFsk%PFOi%WIOi%WICvWIdygHMzDFkBMCkBMBkBEA2BwzNAzyjA%dzPx4AayWAnyNBByKCBy2EByHEOxlF0xlFBv%lFKuLEtvYDSvaDfw8CfwJzfwlytu_wHs_wMp^yAMpyAvr7BvsJBut2DutSDutqEbt$EUslFjs%lFAm$E_lqEFlSDjl3DjlMBjl9BumyAEnyAvp" /><g i="10" c="394" charCode="100" p="#^mFouKEivUDNv2DfwYBfwwzfw9ytuPwHsPwMp%PwvpPwnmaytkxzyi_ByiZCyiMD_izEqj9Fck%9Ftf%fD6f%fDYc%9FYc%JIYc%JIvt%qKSt%qK$v%DF$v^nAMpnAvrYAvsyButSCutEDutcEatNERs9Ffs%9FFmNE0mdEGlFDjlUCjlABjlZAumnAEnnAvp" /><g i="11" c="395" charCode="105" p="%^FwStnyvtnyjltwXktwOiXBOiXBvtFDStFD$vFw$v^XBDfnyDfnyYcXBYc" /><g i="12" c="396" charCode="75" p="%^HwStAyvtAyKgHwngHwdeYDdeYDng8CKg8CulHDul6Hwg3Gng3Gde6Nde6NngaLIgOGymILztvNStvN$vsG$vsGStyHJt7EAo8CAo8CvtYDStYD$vHw$v" /><g i="13" c="397" charCode="115" p="#^yHkn%9Fkn%NEHlpEolRDcliD$kDC$kHB$k8BqlBARlBAumBA4n6BunEBTndDaoGFFoRGCp1Izq1Ids1I$tvG7vZEfwtCfwXAfwFzPvoymvpxxu%nxzr%Szzr%lAitFAztcBHtMBPtmCPtsDPt0EqtAE1tAEmsAENr$DmrrDWqUBBqzz6qnybpbxfobxEmbx_kyyNjWzAirCAi_DAimF$iKGpjwH2k" /><g i="14" c="398" charCode="114" p="#^1xSt%Lyvt%Lyjl%SwXk%SwOi%3COi%dCJkHCHjqD7j9Eyi7FyipFyiIFBi0GEieGHi%RFXl%oEVlCDVl5DdmACwmjC4n%jCvt%0ESt%0E$v%1x$v" /><g i="15" c="399" charCode="63" p="#^_zYq_zepuAso_AFnsCwmkDPlRD$kmEakmE9jmE1iMDphaDMg4CMgaBMgyAjhWzRhVzTi%rwTi%qwOinwsgYxdfyzZd4CZdPEZdmGmfWHKgWH7jWHGk0H$l6GjnKEco$DNoMDmpxDXpxDYq^zD$v%Zz$v%ZzYs%zDYs" /><g i="16" c="400" charCode="84" p="%^kMdekMZiBJZisJZgbGZgbGvt4ISt4I$vJA$vJAStCCvtCCZgmzZgczZiuwZiuwde" /><g i="17" c="401" charCode="117" p="#^0GkunFfvrELvvDfwjCfwdAfw1zWuSxAtSxMq%Sxjl%pwXk%pwOi%SxOi%qBOi%qBNqqBesVBSsoCutlDutaEutNEdtpFXsOFqs%OFjl%eEXk%eEOi%OFOi%mJOi%mJvt%ZKSt%ZK$v%eG$v" /><g i="18" c="403" charCode="106" p="#^$Buw$BPyMA3AyzkBmxkBSwkBrwhB1weBBv7B%Mvpy1wuyjwwyBwyyWwyyExyy1y1yryxxryuw%ryjl%xwXk%xwOi%$BOi^XBCf%nyCf%nyYc%XBYc" /><g i="19" c="404" charCode="80" p="#^8FdebIdeYJOfJLmhJLVjJLsmYJ0obIzp8Fzp%8Czp%8Cvt%2ESt%2E$v%Hw$v%HwSt%Ayvt%AyKg%Hwng%Hwde%Ayde^8CPm%8FPmDGPmoH$l9Ibl9IWj9IEioHPhDGZg8FZg%8CZg" /><g i="20" c="405" charCode="98" p="#^xJMpxJJsdIuuVGfwpEfwfDfwoCNvyBivYAnu%IA$v%Dx$v%Dxtf%Kv6f%KvYc%aBYc%aBckLBpjyC_ilDyioEyiVGyidIskxJlmxJvp^_Fvp_FAnpFsmREjluDjlFCjl4CGlvB0maBFm%aBesvBRs4CatGCutvDutUEutrFws_Fyr_FMp" /><g i="21" c="406" charCode="67" p="#^fLdk%BIdk%eIShIHkhVG1h6GJg0FJgICJgsBpicA5kcAOm%cAqncA7qrBQrHCwtYEwt0GwtTGdtLHVseIos%BI0q%fL0q%fLxtaKNuvIwvRGfwNEfwcBfwWyNtEwirEwqn%EwPmEwYiVytgaBZdNEZdRGZdvIJe9KtffLIg" /><g i="22" c="407" charCode="111" p="#^MwhpMwjmqyrk4Ayi$CyiWFyiAHrkeJjmeJhp%eJxpeJwsAHouWFfw0Dfw4AfwqyouMwwsMwxp^kAxpkAlrZArsCBwt0DwtpEwt2FqsHFkrHFxp%HFhpHFwn1FpmoEil$CilCBilZApmkAwnkAhp" /><g i="23" c="408" charCode="118" p="%^nCXk7BalTC4r6DksaDksrD4r9FblUDXkUDOiTJOiTJXkKI7lRE$vrB$vxx7lnwXknwOinCOi" /><g i="24" c="409" charCode="40" p="#^5xNo5x_jXyFgOAjd8Dkc%dDkc%SD6egCifaBZh5ADk5ALo%5A3p5ActaBSvgCwySDLz%dDvB%8DvBOAvAXyax5xRt5x2p" /><g i="25" c="410" charCode="86" p="%^VCngyBDgIEhrWEfs$EfscFirmIDg0Hng0HdewNdewNng1MzgOG$v7D$vTxzgqwngqwdeVCde" /><g i="26" c="411" charCode="41" p="#^ID2pIDJtMB6xRzwAuxvB%pxvB%LwLzjyyypzTvwActwA3p%wALowAEkpzYhiygfLw3e%pxkc%uxkcRzidMBIgID6kIDNo" /><g i="27" c="412" charCode="79" p="#^XMfnXM9rIKIttIfwREfwfBfw1zItPw9rPwfn%Pw_mPw5j0zxgeBZdREZdsIZdHKxgXM5jXM_m^nJYmnJckdIui4HLgRELgBCLguBtinAaknAYm%nAfnnA3quBNrCCutREut6HuteINrnJ3qnJfn" /><g i="28" c="413" charCode="73" p="%^GwngGwde1Ede1Eng7CKg7Cvt1ESt1E$vGw$vGwStAyvtAyKg" /><g i="29" c="414" charCode="45" p="%^uENpBxNpBx1nuE1n" /><g i="30" c="415" charCode="49" p="%^OwStOzvtOzthLwthLwqflDdelDvtlGStlG$vOw$v" /><g i="31" c="418" charCode="57" p="#^6CwtyDwtqErsiFlriF9p%iFUoIEFpTD3q2Dsq5CsqBzsqayQoMwbnMwjkMwDhsyOf9AZdKCZdsFZd9HRfSIJhSI6l%SIZoSIqsZGlu4Ffw6CfwbBfwcA3wdzTvoywv%OyXsCzetnAnt9Bwt6Cwt^HCQnADQneEvnVE9niFBm%iFIkiFLiCEKhXDJgMCJgHBJg$ANhkAQikAjkkAWlXATmyBQnHCQn" /><g i="32" c="419" charCode="77" p="%^QNSiMNRi$I$vCG$vTBUiOBVi8CIq8Cvt2ESt2E$vHw$vHwStAyvtAyKgHwngHwdeAydedDdeLHkrQHkroMdeZSdeZSng3RKg3RvtZSStZS$vBL$vBLStvNvtvNIq" /><g i="33" c="420" charCode="70" p="%^HwStAyvtAyKgHwngHwdeQKdeQK5j5I5jXHZg8CZg8CTlmITlmICo8CCo8Cvt2ESt2E$vHw$v" /><g i="34" c="421" charCode="107" p="%^ow6fowYcRBYcRB$nEC$nHE5lxDXkxDOi1KOi1KXktIil4GzoqJAtMKStMK$vGE$vGEStpFKtnDtqRBtqRBvtoDStoD$vAw$vAwStiyvtiytf" /><g i="35" c="422" charCode="65" p="%^vwStMxHtaDdeQGdecMHttNSttN$vpH$vpHStEIEtSHcr6CcrkBEtzCStzC$vvw$v^YCAo0HAo0FjiYEji" /><g i="36" c="423" charCode="82" p="#^GEdeHHdepJCf8L$g8Lrj8LNkqKNlIJMmjInnTJQnzKWogL$pgLBr%gLvsgL4tuLptJLKtgMOt%IMRt%IM$v%SK$v6J$voI3vHH7uHHDs%HHDrHHkq$GBpjGRo3FPo%8CPo%8Cvt%2ESt%2E$v%Hw$v%HwSt%Ayvt%AyKg%Hwng%Hwde%Ayde^8C3m%CE3m5G3mQGrlAHOkAHBjAHpiRGHh6GZgGEZg%8CZg" /><g i="37" c="424" charCode="69" p="%^9Ibo8Cbo8CgtTHgt1I8rLK8rLK$vHw$vHwStAyvtAyKgHwngHwdeAydeJKdeJK5j_H5jQHZg8CZg8Crl9Irl" /><g i="38" c="425" charCode="78" p="%^ROdeROngXMKgXM$voJ$vdC1k8C2k8Cvt2ESt2E$vHw$vHwStAyvtAyKgHwngHwdeAyde8CdejJbqoJaqoJKguHnguHdeXMde" /><g i="39" c="426" charCode="71" p="#^qL0uyKTuUIzveHfwHEfw5BfwQyRtAwrrAwAn%AwZmAwZiOytg1BZdDEZdIGZdqIEe9KifjLrg%jL0k%GI0k%aIDhHHdhTGZg4GJg2FJgJCJgqBri7A9k7AXm%7AAn7AhqoBVrGCwt3Fwt7GwtOGlttH9tRHVs%RHUp%iFIp%iFcn%qLcn" /><g i="40" c="427" charCode="72" p="%^HwngHwde2Ede2Eng8CKg8CTloJTloJKguHnguHdeoJdeXMdeROdeROngXMKgXMvtROStRO$vuH$vuHStoJvtoJCo8CCo8Cvt2ESt2E$vHw$vHwStAyvtAyKg" /><g i="41" c="428" charCode="50" p="#^Uw$v%UwGt%ECvnUD4mpE5lXE6kXEgjXE8ikErhKDJgCCJgoBJgKAzh5Aoi5ANj%EwNj%CwIjywihbyEfQzZdCCZdmFZdXGpfwIQgwIcjwIPkDHbmLGynHELp%xBct%yBgt%aGgt%jGvr%1Jvr%1J$v" /><g i="42" c="429" charCode="51" p="#^FABl%FCBlWDBlxEXk8Fgk8F4j8F0ixEnhWDJgMCJgMBJg4BjhoAUhoARi%XwRi%WwMiRwHgwykfbAZdGCZdqFZd3HifIICgII2jIIckZHflfHimZFTmrHpncIvo_IAp_I0r_IttcHSurFfwGCfwbAfwpyXuEwDtIwer%Jwar%aAaraAbsVASsEBwtMCwt$DwtIERsqF9sqF_qqFApJEWo0EgoFCgo%FAgo" /><g i="43" c="430" charCode="52" p="%^pHopqJopqJLrpHLrpHvtjJStjJ$vYB$vYBStSDvtSDLrCwLrrw$pQDdepHde^MzopSDopSDZiNDYivDtj" /><g i="44" c="433" charCode="112" p="#^vwXk%vwOi%GBOi%RBkkrCtjfD0j3Eyi9FyiCHyiYItkjKnmjKvp%jKMpjKHsYItuCHfwbFfw8EfwkDTvxCuvYBLu%YBzy%GDXy%GD4B%Hw4B%HwXy%pyzy%pyjl^LGvpLGEn7GumwFjleEjlqDjlRCFlhC_lYBBm%YBnshCXsRCetqDwtfEwtyFwt8GwsLGvrLGMp" /><g i="45" c="434" charCode="66" p="#^AEdeJHdetJsfeLGgeL5jeLkkAKilWJgmHIMmhK5n4LdoTLlpTLQqTLntbKHuwI$vqF$v%Hw$v%HwSt%Ayvt%AyKg%Hwng%Hwde%Ayde^8C8o%8Cgt%qFgtRGgtAHFskI1skIQqkIwpHHQo3H8oHF8o^8CGl%IEGl7GGlUG5lGHvkGHnjGH8iUGzh7GZgAEZg%8CZg" /><g i="46" c="435" charCode="102" p="#^ZwSt%Hyvt%Hyil%Jwil%JwOi%HyOi%HykhHy6fZzVdfBIczDIc0EIcuEMcYEQcwFYc%dFCfWEzfEExfnEuf$Duf8DufHCZffCrgfCkh%fCOi%TEOi%TEil%fCil%fCvt%ZDSt%ZD$v%Zw$v" /><g i="47" c="436" charCode="85" p="#^RDde%RDng%XBKg%XB0qXBNrTCFsQDwttFwt8Hwt5IFs2JNr2J0q%2JKg%9Hng%9Hde%wOde%wOng%CMKg%CM0qCM0tEKEuGIfwtFfwhCfwkAEuny0tny0q%nyKg%twng%twde%nyde%XBde" /><g i="48" c="437" charCode="104" p="#^AwSt%iyvt%iytf%ow6f%owYc%RBYc%RBtktCzjnD3jhEyinFyisHyiDIWjPJilPJ9o%PJvt%wLSt%wL$v%IE$v%IESt%eGvt%eG8oeGBmHFYl9Fjl4EjllDjlNCBldCSlRBlm%RBvt%oDSt%oD$v%Aw$v" /><g i="49" c="438" charCode="74" p="#^dKde%dKng%jIKg%jIGqjIetDGLuYEfwoCfwCzfw_xVumwytqwVq%swRq%WzRqWzesBATsgBwtoCwtoDwt4EMsME$rMEGq%MEKg%SCng%SCde%jIde" /><g i="50" c="439" charCode="119" p="%^BPXkgO6lvL$vxI$v4G8o$F8oyD$vAA$vPx6ltwXktwOisCOisCXk2BcliCfrnCfrREOieHOiJJhrOJhr1LdlCJXkCJOiBPOi" /></glyphs></font><font id="50" name="WingdingsBold Charset1_ 6K3wTg6Wsjd"><glyphs><g i="0" c="256" charCode="167" p="%^4yHq4y6jGF6jGFHq" /><g i="1" c="257" charCode="9" p="#" /></glyphs></font><font id="60" name="Roboto Charset1_ 6O4gzO1pYmR"><glyphs><g i="0" c="384" charCode="67" p="#^8LmqPKbt2JJuiHfwpEfwfBfwlz$tsxKrsxYn%sxemsxMjkyUhdz$fRA$etC_dCE_drH_d8JzfSK8h8LXj%NIXjtIPhsHSgrGVfCEVfmCVf4BAhPzejPzim%Pz0oPzVq0BDsdCkupEkulGkuoHstrIzsNImq" /><g i="1" c="385" charCode="97" p="#^SF$vGFCvyFCuZDfwNBfwQzfwAy9vkx2ukxlskxhqUy8ptA$njD$n%vF$n%vFYmvFMlOE3l5EmkJCmkvBmkHA_kTzBlTzsm%BxsmBxtliyyk$yDjcA5jpByiRCyi7FyiqGHjJHQkMHQm%MHVsMHKueIPv%eI$v^6ChuaDhu7EKt4FbtvFis%vFBp%KDBpBzBpBz0sBz4tiAHt$Ahu6Chu" /><g i="2" c="386" charCode="114" p="#^5EPkADKk_CKkLAKkZzDm%Zz$v%Ix$v%IxOi%VzOi%Xzjk2Byi5DyiLDyi5EJi" /><g i="3" c="387" charCode="32" p="#" /><g i="4" c="388" charCode="80" p="#^pA2p%pA$v%3y$v%3yde%CEdexHdebJJfRKchRKFjRKfmdJFnCH2pBE2p^pA7n%CE7nvG7nvHemvIllvIGjvI4ivH7hvGagLE8g%pA8g" /><g i="5" c="389" charCode="101" p="#^bDfwvAfwPyuu8xJs8xMp%8xlp8xonUxRlEyik_zqjlByiVCyiuFyiVGfklIXllI6p%lI2q%oz2qrz$rxActDBpujDpuwEpulFWtaGqtOGDs%aIItwGfwbDfw^VCpkyBpkCAplHzomtzbo%4Gbo%4G0o_Fim9FmlkEpkVCpk" /><g i="6" c="390" charCode="110" p="#^RzOi%WzskrByiTDyi3Iyi5Ign%5I$v%RF$v%RFgnQFQlbF9lyEtkbDtk5CtkgB3lrAElZzBm%Zz$v%Ix$v%IxOi" /><g i="7" c="391" charCode="99" p="#^0DpudEpu7FGt1GXs7GRr%gIRrcI_suH0uMG1vzFEvmEfw0DfwjAfwJysu7xEs7xwp%7x8p7xdnQxJlyyckSznjbByi$CyidFyiHGTj9IclgIkn%7Gkn1G2m9FelhEpk$CpkhBpkkAFlozUmozep%ozFpozXrkAatgBpu0Dpu" /><g i="8" c="392" charCode="103" p="#^axhpaxcmBynk1AyioCyiOEyi9Gfk%gGOi%kIOi%kIHvkIfyPGJziFcBKCcBiBcBWzBAzy_zRxWy%0zzxtAmzzCmzdEmz8Fqy3Gvx3GQv%3GHuIEfwmCfw2AfwCyouaxwsaxhp^rzyprzNrmA3thBkuWCku3Fku3Gos%3Gmm1FtkYCtkiBtkmALlrz1nrzyp" /><g i="9" c="393" charCode="104" p="#^ZzoktByiTDyi3Iyi5Ign%5I$v%RF$v%RFgnQFQlbF9lyEtkbDtk5CtkfB3lqAElZzBm%Zz$v%Ix$v%Ixfd%Zzfd" /><g i="10" c="394" charCode="77" p="%^5BdeVGKsJMdeLPdeLP$vpN$vpN4pDNBhOH$v$F$vaAEhpA4ppA$v3y$v3yde" /><g i="11" c="395" charCode="105" p="#^9A$v%Vx$v%VxOi%9AOi^JxifJxLe2yneoy_d2z_dIz_d2AneoALeoAifoARf2AdgIzAg2zAgoyAg2ydgJxRfJxif" /><g i="12" c="396" charCode="116" p="#^NABf%NAOi%eDOi%eDyk%NAyk%NAKsNAxt6BXtrBkueCkuDCkuiDbu%iD$vpCfwzBfw3AfwhzlvwyquwyKs%wyyk%6wyk%6wOi%wyOi%wyBf" /><g i="13" c="397" charCode="111" p="#^6xhp6xknTxNlEyek$zojmByi6DyiPFyitHqk8Jhm8Jop%8Jyp8JtroI0tFHyuhGpvWEfw7DfwsAfwNyou6xws6xrp^ozypozLrpA4tqBpu7DpuSEpuSF3tTGIrTGhpTG6nRFMlPEpk6DpkrBpkpAKloz3nozyp" /><g i="14" c="398" charCode="115" p="#^pFvspFArIE4r0EAqiCdqBARpAzkpAyPo5y6oCxonCxqmCxOk_yGjmAyivCyiKEyi7GIjxHSkxHGm%gFGmgFLltE4lHDpkvCpkgBpkzAYkTzulTzlmTzanwABn9B$nRCnoyELoBFhpEGOp8HyqFHhrFHlsFH6ueGbvQEfwzCfw_AfwLzHvxy7vRx7u9x6t9xXr%qzXruz4tkALtaBpuzCpuRDpuDEUtpFntpFvs" /><g i="15" c="400" charCode="100" p="#^9xhp9xfmBypk1AyinCyiHEyi2G8k%2Gfd%iIfd%iI$v%eG$v%6GBuMEfwlCfw2AfwBynu9xus9xsp^qzypqzOrlA3tgBkuVCku3Fku2Gps%2Gkm1FtkXCtkgBtklALlqz1nqzyp" /><g i="16" c="401" charCode="70" p="%^SH9opA9opA$v3y$v3yde4Jde4J8gpA8gpAemSHem" /><g i="17" c="403" charCode="107" p="%^oBUp_zmr_z$vJx$vJxfd_zfd_zBobB8niFOi2IOiVCjoEI$v$F$v" /><g i="18" c="404" charCode="65" p="%^THlrrAlrMy$vlw$v7DdebFde_L$vAJ$v^8BqpbHqp9E6h" /><g i="19" c="405" charCode="108" p="%^9A$vVx$vVxfd9Afd" /><g i="20" c="406" charCode="109" p="#^QzOi%UzfklByiPDyiAGyiAHGkeIJjiJ8jmKyiOLyi8QyidQ9n%dQ$v%YN$v%YNhnYNTliNalFMtk8LtkTJtk2JdldIZl4Ien%4I$v%PF$v%PFlnPFtk_CtkMAtkYzmm%Yz$v%Hx$v%HxOi" /><g i="21" c="407" charCode="117" p="#^SFIuyEfw$BfwTzfwMy1vGxOtFxor%FxOi%WzOi%WzkrWzkumCkuYEkuOFps%OFOi%3IOi%3I$v%VF$v" /><g i="22" c="408" charCode="118" p="%^3CXslFOiEHOiVC$vbB$vpwOiIyOi" /><g i="23" c="409" charCode="49" p="%^VE$vDC$vDCXg4yCi4yzgyE8eVE8e" /><g i="24" c="410" charCode="57" p="#^7GboqF1prEypsD3qhC3qLA3qCzjptyyoRxandxOldx8kdxmiUxXgAyvfPzLe3B_dJC_dmF_dTGYfpIWhpIkl%pI$lpIbrlGAtiEYv9A0w%Jz0w%Jz5u%cA5u$C2uvEEs$Fer7Gbo^FCboNDboKEvnIFOm8GMl%8GSk8GEiaFfhdESfKCSffBSflA$grz8irz0krzQljA0nbBboFCbo" /><g i="25" c="411" charCode="40" p="#^DxNoDx0mmyuj5zXgzATe1COcCDXb%3EqdhCOe8BCh$zpkUzUn%TzWoTzEtCB6xECbz3EmA%CDKB_BQAvAIyDxzuDxNo" /><g i="26" c="412" charCode="86" p="%^YDUs1JdeBLde$E$vWC$vlwdeUyde" /><g i="27" c="413" charCode="41" p="#^WCVoWCDrcC7uvBDw0AKyyyRAXwKB%twmAlyVyuzTvDARsFA8p%FALoFAbm6A_jAzNhCy2gFxietwjd%XwXbyyQc$zWetB$gbCwjWC1mWCVo" /><g i="28" c="414" charCode="98" p="#^UIypUIAsvHqu6GfwMDfwgBfwUzuu%Nz$v%Jx$v%Jxfd%Zzfd%ZzfklByiKDyi8GyiwHnkUIbmUIlp^EGhpEG_mLFKlSEtkbDtkYAtkZzym%Zzfs$AkucDkuQEkuKF4tEGPrEGhp" /><g i="29" c="415" charCode="121" p="%^1CHs6FOiwHOidC1y#_AkBiykBTxiB1x7B1xizExlz#NylzqzTy#3AqyuAbx_ASvgwOiKyOi" /><g i="30" c="418" charCode="112" p="#^TIypTIzsuHpu6GfwLDfwlBfwZzJu%Zz4B%Jx4B%JxOi%NzOi%UzfkgByiJDyi5GyiuHlkTI8mTIlp^CGipCG3nFFMlIEtk2Dtk$AtkZzhm%ZzBs_Apu4DpuHEpuEF7tCGQrCGip" /><g i="31" c="419" charCode="106" p="#^2AOi%2Awx2AkBAwkBRvkBcv6B%cvjzBvpzewpz_wpznx$yNxByNxAx%NxOi^yxifyxLeTxnedy_dTy_dxz_dTznedALedAifdARfTzdgxzAgSyAgcyAgTxdgyxRfyxif" /><g i="32" c="420" charCode="46" p="#^LxQuLxeu5yRtsyst8zstRzstcARtzAeuzAQuzAovcAMvRz8w8z8wsy8w5yMvLxovLxQu" /><g i="33" c="421" charCode="83" p="#^iD4ohAdnVyYlxxHkxxQixxKgczmfUA_dAD_dpF_dRGIehIpf3JFgSJUhSJnj%vHnjvHLhtGQgsFVfADVfRBVfTAGgVzrhVzNiVzTjQADkLBnlYD$laGDmqHnnHI7ohJ7pUJ7qUJurUJEtcIYuwGfwIDfwTBfwhAyvIyRuQxDtZwpsZwSq%kzSqkztswAptJBkuIDkuzFkuyGAtxHPsxHwrxHcqCGvpIFNoiD4o" /><g i="34" c="422" charCode="82" p="#^AEPo%pAPo%pA$v%2y$v%2yde%XDdeXGdeyIBfaKYgaKAjaKelgJtmnIInNGjo%YKSv%YK$v%rI$v^pAUm%$DUmLFUmNG_lPH4lPHzjPHVhQG1hRF9g$D8g%pA8g" /><g i="35" c="423" charCode="78" p="%^KL$vnJ$vqAiiqA$v3y$v3ydeqAdeoJ_roJdeKLde" /><g i="36" c="424" charCode="50" p="#^7J$v%ux$v%uxnu%DDyn$E_lwF0l1G2k1G0j1GDhbFKglERfYCRfgBRfkAPgozMhoztj%8xtj8x0hJyvfiA_dYC_dqF_dSGhfjIAgjILijInlYE$o%cA9u%7J9u" /><g i="37" c="425" charCode="48" p="#^DIqoDIosgHkuVFfw1DfwbAfwPynusxuspxKo%pxJlpxOhLyUf6A_d$C_dTF_ddHQfAIFhDIvl^mGllmGtiyF9hLERf$CRfhBRfuA9hHzsiFzal%FzNoFzFruA1tkBpu1DpuIEpuwF6tkGPrmG1p" /><g i="38" c="426" charCode="84" p="%^lK8gDE8gDE$viC$viC8gBw8gBwdelKde" /><g i="39" c="427" charCode="44" p="#^Exyz%mwGyvx3xyxnv%yxkt%Mzkt%Mz5vMzkw9zzxyyOyExyz" /><g i="40" c="428" charCode="72" p="%^JL$vmJ$vmJOnpAOnpA$v3y$v3ydepAdepATlmJTlmJdeJLde" /><g i="41" c="429" charCode="73" p="%^AA$vey$veydeAAde" /><g i="42" c="430" charCode="69" p="%^6INnpANnpA4umJ4umJ$v3y$v3ydeeJdeeJ8gpA8gpASl6ISl" /><g i="43" c="433" charCode="119" p="%^pJUsXLOicOOimK$vwI$vjF$lbC$vmA$vwwOiMyOinBHsrEOigGOi" /><g i="44" c="434" charCode="51" p="#^MA0m%sC0m3E_lZEalUFmkUFZiUFRfNCRfjBRfrAHgzzwhzzUi%jxUijxNgRyofoA_dNC_diF_dJGjf8IEg8I0j8IakoHglEGlmlFTmPGlnCHqoqIvpqI2rqIrtSGRuiFfwNCfwhAfwIyVu8xyt8xjr%qzjrqzJskAztfBpuNCpuqEpuhFzt9GIs9G5r9GypcFJofEUnsCSn%MASn" /><g i="45" c="435" charCode="56" p="#^fITifIckyHflSGhmFFTm2HtnSHDoGIMpGIdrGIwt6HUuzFfw0DfwsAfwVyTunxvtnxdrnxMp9yCoXysnkASm9zgmtyelNxbkNxTiNxDgdzjfFA_d0D_dmF_dOGjffIDgfITi^pG9rpGGpsFKowEOn_COntBOnyAKoDzFpDzarDzGswAytqBpu0DpuCEpuvFxtpGFspG9r^0DRfHBRfSAGg2Avh2AVi2AgkRA6lFBXl0DXlnEXlbF6l$Fgk$FVi$Fyh9FIgjERf0DRf" /><g i="46" c="436" charCode="66" p="#^3y$v%3yde%TDdeMGdedIqfHJCgHJYiHJckZI9lgI6m2HEmuI2njJao9Kip9KSq9KgtCIEu3H$veE$v^pAGn%pA4u%hE4uVF4uRGetOHnsOHUqOHGnjEGn^pAOl%YDOluFOlpG1lkHfkkHXikHthtGPgDF8gTD8g%pA8g" /><g i="47" c="437" charCode="63" p="#^mAZqnAxpHAHo$ARnXBPm%xDalzE0kzEHizEqhUDIgdDZfXBZfHAZfWzDgazhhazoi%WwoiXwpgkycfJz_dXB_deE_dwFdfPGsgPGCiPGLkREPm%vD8oCC7pCCZq^gASugAiuBAWtXAytBBytfCytBCWtXCiuXCSuXCpvBCNvfC8wBB8wXA8wBANvgApvgASu" /><g i="48" c="438" charCode="55" p="%^YIufBB$vdz$vzG4gXw4gXwdeYIde" /><g i="49" c="439" charCode="52" p="%^0H1qtJ1qtJTr0HTr0H$vKE$vKETrEwTrEwyqCEde0Hde^cz1qKE1qKEjhtEOh" /><g i="50" c="440" charCode="57344" p="#^Py$v%Pyyk%Kwyk%KwOi%PyOi%PyrhPyjfYz9e5B$c9D$cXD$cJEcd%BE1f0EWenDWegCWeGBzf4Bcg4Bph%4BOi%UDOi%UDyk%4Byk%4B$v" /><g i="51" c="441" charCode="87" p="%^UBoqeCKsKCDqfGdeeIdeFLDq9MNsxMnqhPdeERdekN$vcL$vxH2jfHHhZG2jaD$v2B$vLwde5zde" /><g i="52" c="442" charCode="79" p="#^KLHnKLiqSKfs_JcumIevLGfwCEfwvCfwTAdvgzbumyhstxmqrxRn%rxzmrx$jky2idz4gRA1fuC_dAE_dJG_dlI0f_J2gSK0iKLZjKLzm^pJympJoj7IIhSG$fAE$fmC$f4BIhPzojMzom%MzHnMzMq2BwslCguCEguTGgu6ICsmJYqpJSn" /><g i="53" c="443" charCode="75" p="%^ACKnpA_ppA$v3y$v3ydepAdepA0njIde8Lde8E4mHL$vTI$v" /><g i="54" c="444" charCode="68" p="#^3y$v%3yde%4DdepFdebHffZIggXJaiVK3kWKwm%WKEnWK9qXJ3sZIYtaHZunFZv_C$v^pA8g%pA4u%TC4uAF4u4HosBIIqBIBn%BIymBIxjaHShLFag8D8g" /><g i="55" c="445" charCode="53" p="#^wy5n%qzde%xIde%xIjg%kBjg%OA9l6CokMDokbGokCH$l2JCn2Jlq2J5tzHGu4GfwqDfw3BfwAzYu5yEtTxkr%0AkrdASs5BEt_BpuqDpu$EpuUFktOGfsOGmqOGAoPFvnREqmeDqmMBqmWA3n%kAyn" /><g i="56" c="446" charCode="54" p="#^lGde%lG8g%WF8ghDbgJBIh9AcjWzYlkBlkLDlk4GlksH_lRICnRIcqRIYslHCuRFfwlDfwNAfwbziuCxksCxfp%CxnoCxtjIzTgOBheXFde^nDdmdCdmeBWmgACnTzFo%TzupTzHrSA1tSBnulDnuSEnuKFftCG7sCGjqCGuoJFmnREdmnDdm" /><g i="57" c="447" charCode="45" p="%^pCnpswnpswxnpCxn" /><g i="58" c="448" charCode="57345" p="#^ty$v%tyyk%nwyk%nwOi%tyOi%tyGhtytfKzee$A$ciD$cGE$cLGKd%nGEfRE1ftD1f0C1fnBHfKAlgKAEh%KAOi%rDOi%rDyk%KAyk%KA$v^TH$v%CF$v%CFOi%THOi" /><g i="59" c="449" charCode="8211" p="%^dK2o$x2o$xcmdKcm" /><g i="60" c="450" charCode="76" p="%^qA4uRI4uRI$v3y$v3ydeqAde" /><g i="61" c="451" charCode="71" p="#^bLGthKZuFICv2HfwVEfwJCfw1BevmzdurylswxsquxZn%uxqmuxpimzcgeB_dDE_dpH_d6JpfPKQgbLrj%RIrjbIVfEEVfhCVf3BzhSzdjRzmm%RzPnRzOqcBzsACkuVEkueGkudH2ucILtSI2t%SI4p%KE4p%KE9n%bL9n" /><g i="62" c="452" charCode="62" p="%^IF3oExUkExAi3Ibn3IZoExBtExfr" /><g i="63" c="453" charCode="47" p="%^9yxxdwxxEDdezFde" /><g i="64" c="454" charCode="74" p="#^wFde%SHde%SHPqSHmtkGPuOEfwfCfwBzfw6yVuEwytEw5r%_y5r_yDsPzutFAkufCkuIDkuBEqtvFvswFRq" /><g i="65" c="455" charCode="57346" p="#^ZFafsEWewDWe4BWe4Buh%4BOi%UDOi%UDyk%4Byk%4B$v%Py$v%Pyyk%Kwyk%KwOi%PyOi%PymhQyff$z7eaB$clD$czE$cdILd%dI$v%ZF$v" /><g i="66" c="456" charCode="122" p="%^Qz9uzH9uzH$v4x$v4xlumEGkbxGkbxOibHOibHpk" /><g i="67" c="457" charCode="33" p="#^eAZq%cyZq%1yde%pAde^YxSuYxiuhyWtDyythzytXzythAWtDAiuDASuDApvhANvXz8whz8wDy8whyNvYxpvYxSu" /><g i="68" c="458" charCode="125" p="#^ew3zIygyOy0v%OyksOywp$AuoOyunOyEk%Oy9iOyJeewVd%IwvcSy6dXzue1BSf2B6i%2BGk2BBnEDBn%EDmp2Bmp2Bks%2BOu2B5xXztyRySzIwtA" /><g i="69" c="459" charCode="113" p="#^9xhp9xamAymk0AyiqCyiMEyi6G7k%dGOi%iIOi%iI4B%1G4B%1GNuFEfwoCfw$zfwAyou9xxs9xsp^qzypqzPrnA6tkBpuYCpuZEpu1GDs%1G9mYEpk_CpklBpknAIlqz$mqzyp" /><g i="70" c="460" charCode="233" p="#^bDfwvAfwPyuu8xJs8xMp%8xlp8xonUxRlEyik_zqjlByiVCyiuFyiVGfklIXllI6p%lI2q%oz2qrz$rxActDBpujDpuwEpulFWtaGqtOGDs%aIItwGfwbDfw^VCpkyBpkCAplHzomtzbo%4Gbo%4G0o_Fim9FmlkEpkVCpk^0Egd%LGgd%tDSg%FBRg" /><g i="71" c="461" charCode="58" p="#^DxQuDxeuZxRtkyst0zstJzst4ARtrAeurAQurAov4AMvJz8w0z8wky8wZxMvDxovDxQu^Fx2kFxsj$x3jlyGi1zGiKzGi5A3jsAsjsA2ksACk5A_kKzml1zmllyml$x_kFxCkFx2k" /><g i="72" c="462" charCode="89" p="%^uD8n7IdeNKdeFEnpFE$vjC$vjCnpbwdeTyde" /></glyphs></font><font id="70" name="RobotoItalic Charset1_ 5cDfQeerOIa"><glyphs><g i="0" c="384" charCode="83" p="#^_F4ogDdnjCYlnBHk0CQiJCKgSEmf0H_dIJ_dxL_dJMIeWNpfhOFgEOUh8Onj%OLnjlMLhDLQgWKVf2JVfjHVf4GGgSErhoENi1ETjHEDkmFnlmH$lmJDmmKnnmL7oDL7pUL7qqLurHKEtzIYurGfwCDfwNBfwrAyv5zRuEyDtcypsJySq%4BSqxAtspBpthCkugEku7GkumHAtCIPs2JwrvJcqQIvp9INo_F4o" /><g i="1" c="385" charCode="101" p="#^6DfwqAfwkzuufyJsfzMp%ozlp3AonlBRlDCikgEqjVFyiuHyi3KyiVKfkMLXlHK6p%nK2q%qB2qOA$ruBctaCpuSDpu2Fpu2GWt2HqtXHDs%YIItqGfw6Dfw^SGpkuFpkdEplYCom7Cbo%KIbo%OI0ohJimMImlgIpkSGpk" /><g i="2" c="386" charCode="118" p="%^6DXsQJOi7MOiVC$vbB$vUAOicDOi" /><g i="3" c="387" charCode="114" p="#^UHPkpHKkPGKkBEKk9DDm%Zz$v%Ix$v%bCOi%oEOi%VDjkDFyiFHyikIyiCIJi" /><g i="4" c="388" charCode="32" p="#" /><g i="5" c="389" charCode="65" p="%^sJlr0ClrMy$vlw$vaJdedLde_L$vAJ$v^nDqpqJqpdJ6h" /><g i="6" c="390" charCode="99" p="#^yDpuMEpuVFGt3HXsxHRr%GJRrdJ_s9I0u5H1vGFEvgEfwWCfweAfwfzsugyEskzwp%sz8p6AdnkBJlyCck9EnjMFyiAHyiOJyiPKTjQLclcLkn%3JknpJ2mPIeldIpkXGpkdFpkRDFluCUmHBep%yBFpMAXrhBatPBpuyDpu" /><g i="7" c="391" charCode="117" p="#^jGIusEfwVBfwOzfw6z1vqyOtdzor%8COi%pEOi%vBkruAkuWCkuwFku1Hps%hKOi%yMOi%3I$v%VF$v" /><g i="8" c="392" charCode="116" p="#^lGBf%gFOi%KHOi%8Hyk%GEyk%UBKsCBxtOBXt$BkuOCkubDkuWDbu%iD$vkCfwuBfwZzfwvzlv2zquDzKs%pCyk%$zyk%BAOi%$COi%5EBf" /><g i="9" c="393" charCode="82" p="#^0HPo%RCPo%pA$v%2y$v%5Ede%ZJde_Mde7OBfhPYgoOAjQNelwMtmcLInoJjo%$KSv%YK$v%rI$v^vDUm%6HUmRIUmbK_lxL4l2MzjCMVhWL1heL9goJ8g%OF8g" /><g i="10" c="394" charCode="115" p="#^BGvsVGArnG4rSFAqgEdqHCRpRBkp0BPoMA6oxAonTAqmqBOkaDGjXEyi3HyijJyijKIjjLSkIKGm%rIGmLILlbI4lDHpkrGpkcFpkjEYkrDul9DlmTCannDBnUD$nsFno0HLoTHhpLIOp$IyqgJhrVIlsiI6uwGbvKEfwuCfwUAfwSzHvQy7vuy7u8y6txyXr%OAXrtA4t5BLtJBpu6DpuoEpulFUtiGntBGvs" /><g i="11" c="395" charCode="112" p="#^3Lyp1Kzs1Ipu1GfwGDfwgBfwpAJu%fy4B%_v4B%cCOi%gEOi%TDfkRFyiiIyiGKyirLlkdM8m8Llp^UIipFJ3n8JMlDItkZGtkWEtkgDhm%7BBsxBpuCDpueFpuDG7t1IQrUIip" /><g i="12" c="396" charCode="105" p="#^9A$v%Vx$v%oCOi%EEOi^oDifADLe2EnewE_daF_dQF_d1GnefGLe3GifUFRfqFdgYEAghEAgDDAgpDdgcDRfoDif" /><g i="13" c="397" charCode="97" p="#^SF$vOFCv0GCuUDfwIBfwLzfwTy9v$x2uzylsgzhqdB8pbD$n1G$n%dI$n%AIYm_IMlwI3l2ImkGGmksFmkqE_kpDBl6Dsm%RAsmaBtlbCykcDDjBE5j_FyiqHyiIJyiCKHjwLQkTKQm%PIVscIKuiIPv%eI$v^IChuMDhuUEKt1GbtMGis%HHBp%VFBpMBBpXA0sAA4t4BHtBBhuIChu" /><g i="14" c="398" charCode="111" p="#^pzhp3AknlBNlECekhEojXFyiHHyinKyipLqkrMhmoLop%kLypGKtrpJ0t9IyuuGpvQEfw2DfwmAfwkzouiywslzrp^ABypQALroB4tZBpuGDpuoFpuSG3tlIIraJhpVJ6nkJMlLIpk2HpknFpkUDKlqC3nAByp" /><g i="15" c="400" charCode="121" p="%^9DHsBJOi0MOiwB1y#azkBuwkB3wiBhv7BVvizvwlz#ExlzryTy#fzqy4Abx1BSvLAOidDOi" /><g i="16" c="401" charCode="110" p="#^kEOi%RDsk$FyisIyiEMyi3Lgn%5I$v%RF$v%PIgnhJQlTI9ltItk6Htk0Gtk_E3lYDElaDBm%Zz$v%Ix$v%cCOi" /><g i="17" c="403" charCode="100" p="#^rzhptAfmxCpkCEyiXGyigJyi4K8k%qMfd%GOfd%iI$v%eG$v%BGBuGEfwgCfwZzfw9znulyusnzsp^CBypRAOrlB3tRBkutDkuDFkugHps%kJkmYItkRGtkbFtkQDLltC1nCByp" /><g i="18" c="404" charCode="109" p="#^jEOi%TDfkWFyinIyi9LyirLGkqMJjGN8jWOyimQyiJUyidT9n%dQ$v%YN$v%WQhnoRTl_QalAQtk2PtkONtkIMdlDLZl3Len%4I$v%PF$v%LIlnKJtkVGtkHEtkeDmm%Yz$v%Hx$v%bCOi" /><g i="19" c="405" charCode="77" p="%^8Hde0IKsLSdeOVdeLP$vpN$vMP4pwSBhOH$v$F$v3FEhMC4ppA$v3y$v6Ede" /><g i="20" c="406" charCode="108" p="%^9A$vVx$vhEfdxGfd" /><g i="21" c="407" charCode="69" p="%^VKNncDNn3B4u$J4umJ$v3y$v6EdehPdeDO8gOF8gSDSlzLSl" /><g i="22" c="408" charCode="40" p="#^4ANo0B0mCCujdEXgoGTezIOcqKXb%nKqd8IOe1GChXDpkFCUn%hCWoHAEteB6xzBbzBCmA%FBKBlAQAAzIy6yzu4ANo" /><g i="23" c="409" charCode="41" p="#^kFVopEDrRC7uhBDw5zKyVwRA_uKB%_umAmxVyxzTvIBRs_C8p%6DLo_DbmbE_jpENh1E2gGDiePCjd%MDXb3FQcPFWezG$grGwjjG1mkFVo" /><g i="24" c="410" charCode="104" p="#^VDok1GyirIyiDMyi3Lgn%5I$v%RF$v%PIgnhJQlTI9ltItk6Htk0Gtk_E3lYDEl9DBm%Zz$v%Ix$v%4Efd%lGfd" /><g i="25" c="411" charCode="98" p="#^5Lyp3KAs2Iqu1GfwHDfwaBfwpAuu%Nz$v%Jx$v%4Efd%lGfd%ZDfkVFyijIyiJKyitLnkeMbm9Llp^WIhpIJ_meJKlMItk5HtkSEtkbDym%fBfsABkuMDkuoFkuJG4t3IPrWIhp" /><g i="26" c="412" charCode="70" p="%^xK9o4D9opA$v3y$v6Ede6PdetO8gOF8gJDembLem" /><g i="27" c="413" charCode="58" p="#^1yQueyeuIyRtbzstTzstAAstPARt2BeuRAQuFAov9AMvGz8wZy8why8w3yMvRxov1yQu^JB2kVBsjoC3jTCGizDGigEGiuE3jJEsjwE2kkECkRD_kmDmlFCmlYBmlKB_kwBCkJB2k" /><g i="28" c="414" charCode="119" p="%^sKUsqQOiHSOimK$vwI$vJI$lbC$vmA$v0BOifDOivCHsXIOiLKOi" /><g i="29" c="415" charCode="46" p="#^9yQumyeuQyRtjzst$zstIAstXARtaBeuZAQuNAovhAMvOz8w5z8wpy8wbyMvZxov9yQu" /><g i="30" c="418" charCode="103" p="#^szhpvAcmyCnkCEyiYGyinJyi9Kfk%LKOi%PMOi%rIHvzHfyyFJzxDcBYAcBxzcBnyBAdx_zSwWy%uyzxkzmzqBmz4DmzjEqyyFvx7GQv%vGHuDEfwhCfwYzfw9zoumywsszhp^EBypTANrmB3tRBkuvDkuDFkuhHos%lJmmXItkTGtkdFtkSDLlvC1nEByp" /><g i="31" c="419" charCode="45" p="%^FEnpIynpkzxnhFxn" /><g i="32" c="420" charCode="50" p="#^7J$v%ux$v%1ynu%vGynoI_leJ0l5K2ksK0jWKDhnKKgRJRfrIRfLGRfuFPgeEMhFDtj%oBtjeC0hkEvfqG_d3J_dyL_dyMhfyNAgPMLiWLnllH$o%QA9u%LJ9u" /><g i="33" c="421" charCode="67" p="#^2NmqMLbtuJJudHfwjEfw9Bfw1A$tVyKrbAYn%MAemCBMj7DUhFE$fDG$eBI_dKK_dzN_dKOzfVP8hePXj%TMXjiNPhBMSgVLVf4KVfQHVf_FAh9Eej6Dim%wC0oxBVq9CDsOCkuZEkuWGkugIstCJzsHKmq" /><g i="34" c="422" charCode="68" p="#^3y$v%6Ede%7JderLdeTMffjOggEOaiZO3k8Owm%LNEnVM9qhL3sGJYtxHZuoFZv_C$v^OF8g%3B4u%xD4ueG4ujIosoKIqsLBn%PLymRMxj_LSh8LagxI8g" /><g i="35" c="423" charCode="48" p="#^cLqoRJosQHkuQFfwYCfw6AfwnznuFyusTzKo%VAJleCOheEUfeG_d7J_d$L_dJMQfsNFhbMvl^_JllZKtiCK9hfKRfvIRfMGRfxF9hiEsilDal%6CNo8BFrvB1tTBpuADpufFpuvG6tLHPrKI1p" /><g i="36" c="424" charCode="49" p="%^VE$vDC$vLHXgDCCikDzgCK8eZK8e" /><g i="37" c="425" charCode="57" p="#^NIboOH1pDGyptF3qiE3qMC3qTBjp$AyoRAanHAOlfB8kSBmi0DXgbEvfHFLebH_dRI_duL_dkMYfbNWh1Mkl%OL$l2KbraHAtjEYv9A0w%Jz0w%nA5u%RA5uFD2uDFEsCHerNIbo^jFborGboDHvnQIOmDJMl%WJSkHKEibKfhIJSfdISfKGSfrF$g9E8iwD0kVCQlnD0nRDbojFbo" /><g i="38" c="426" charCode="72" p="%^JL$vmJ$v9MOnbDOnpA$v3y$v6EdesGdeRDTlPMTlpPdeMRde" /><g i="39" c="427" charCode="122" p="%^sA9ubI9uzH$v4x$vExludIGk1BGkGBOiHLOi8Lpk" /><g i="40" c="428" charCode="107" p="%^tDUpzBmr_z$vJx$v5EfdlGfdvCBocE8nNJOixMOiwFjoEI$v$F$v" /></glyphs></font><font id="80" name="Wingdings Charset1_ 61yalnwKEp4"><glyphs><g i="0" c="256" charCode="113" p="%^jzoszMoszM8fjz8f^6yXdMNXdaQlgaQ$vwA$v6yBt" /><g i="1" c="257" charCode="9" p="#" /></glyphs></font><font id="90" name="RobotoBoldItalic Charset1_ 6LpyNvMfykv"><glyphs><g i="0" c="384" charCode="83" p="#^oIlrKIjqbILpFHbpYFAogEYnmDmnUAJlQBYijCwhvDogIEffrGDebI_d4K_d_L_deNGeuOmfTODghPThKOuj%4LujuLgiXKBhpKVg0JVgGHVgKGuhOF2iuFZibFQjSFqkxG$k3IwlSKsmPLSnNMfp4MjrhLDt5JXuVGfwYDfwVBfwtAvv2zLuByst9y8sLypq%qCpqqBmtXEmteGmt8HQs3IisoIlr" /><g i="1" c="385" charCode="101" p="#^lDfwrAfwdztu$xHs0zJp%7znpPzon6BQlpCfk6EpjPFyiCHyikKyiiLgkhMZlcL6p%JKyq%jCyq2CRrECDseDptyEptBGpteIWr%jJTt8I$uzGDv$EfwlDfw^EGolBFolHE6mODPmaD8o%4I8o%aISnyIHm9I2mMHolEGol" /><g i="2" c="386" charCode="118" p="%^MDHrfJOiWMOi_D$vDA$vFAOikEOi" /><g i="3" c="387" charCode="114" p="#^8I5msH$lVG$lVE$lQDmn%UA$v%mx$v%RBOi%aFOi%LEmkqGyiiIyiUIyilJIi" /><g i="4" c="388" charCode="32" p="#" /><g i="5" c="389" charCode="97" p="#^0F$vWExv3FQuhDfweBfwizfwpy7vwx$t5yisOycqKA4pGCYnDFXn%fHXn%vHanPHgmxHJlfH9leG9llF9lHEBl2E0mODMm%gAMmFAClHBEkKCFjdE6jIFyijHyiLJyiMKNjNL$k1Ldn%4JYssIQuEIOv%AI$v^WCytIDytuEctgFSsNFgs%yG$p%eF$pAC$pNBQr%IB1suBHsOB7t7CytWCyt" /><g i="6" c="390" charCode="99" p="#^JDptIEptvFTsiGksCGrr%WJrrsJNslIVtfH0vNFEvkEfwQCfw_zfwYysuXxEs0ztp%5zep8AbmnCnkDEyisHyiXJyiYKZjZLnlbLJn%THJncIHmPH2mqHolqGolbFolfEimkDbnECcp%wCApPBDr7CwssCptJDpt" /><g i="7" c="391" charCode="117" p="#^JFFuTDfwzBfwrzfwKy1v1yPtPysr%LBOi%hFOi%nClrGBptzDptlFptsG9s%DJOi%aNOi%HI$v%mF$v" /><g i="8" c="392" charCode="116" p="#^aHyf%3GOi%kIOi%sHol%bFol%YC_rICIsTC1t2DltRDltqEltVEgt%$DXvSCfwLBfw2yfwfzvs%FBol%Kzol%CAOi%yCOi%EDyf" /><g i="9" c="393" charCode="115" p="#^LFmsZFIrsFlrXEZqDDGqfzGphAFmTAVkKCKjBEyiYGyitJyizKKjGLWk1LPm%vHPmLH2mrHzl7H3l4G3lbF3lzEtlXDTlJDvmxD4nYDrnoEOnCF3oRGkoEHFo5KHpeJcsCI0uGG8vLEfwiCfwEAfwyzFvty3v4y1uIx$s6yOr%sBOrbBLsFBft8CLtdDLteELtTEntxF_sLFms" /><g i="10" c="394" charCode="112" p="#^sLwppKAsoIquoGfw1Efw1CfwgBSu%9z4B%Dv4B%RBOi%6FOi%OE5kCGyiGIyi6LyiRLmkBM9mwLlp^0IfpEIpnkIpm0IolMGol6Fol3EGm%dC5spCpt4EptBGpt0Ifp" /><g i="11" c="395" charCode="105" p="#^4B$v%xx$v%1COi%zFOi^_CnffDAeYD3eFEydAFyduGydRG3ecHAeXGnfFGagXFHgdFchkEchrDch3DHgICag_Cnf" /><g i="12" c="396" charCode="111" p="#^5zhpMzjn2BNlkCek1EojKFyiDHyiiKyiqLbkzMPlOLDo%wLxpuKAs9IquRFfw_Cfw7Afw2zquZxBs1zrp^xCxpUBprgCpsECptYDpteFpthGqslHrr4IgpIIqnkIpmYHolFGolmFoliEpmfDpnxCxp" /><g i="13" c="397" charCode="121" p="#^_D$q%dJOi%$MOi%vC2y%ZBKyVzkBbxkBqwkBIv5B%Cwqy%8xry9yryLy7ylzQxSz7x%FA1w%wAOi%jEOi" /><g i="14" c="398" charCode="110" p="#^5FOi%HEkkIGyi4JyiaLyiNLNjoM0lALtn%HI$v%9F$v%1IxnqIpm5IVlNHolEGol9Fol_DFm%PA$v%hx$v%MBOi" /><g i="15" c="400" charCode="100" p="#^4zip8Acm8Cnk9EyizGyiuIyifJ_j%yLfd%4Pfd%JI$v%xF$v%QFBuYDfwTBfwyzfwLyquZxAs4zip^xCypUBqrcCqswCptLDptnFptxG0s%jINm7IolvGolXDolxCyp" /><g i="16" c="401" charCode="109" p="#^9FOi%MEgkLGyi8JyiHLyiYLzk1OyiCQyiMSyioTOj0U2l9Tzn%hQ$v%LM$v%CPzn$PrmKPWltPolmOolNMolFLVm%AI$v%2F$v%VHzniIqm0IVlLHolFGol9Fol3EEm%TA$v%mx$v%RBOi" /></glyphs></font></bwFonts>